blk,unit,storey,stack,type,template,signature,ifa,variant
501,#02-101,L2,101,5R,5R-PT-A,c507e468b7bd,110.0,"{""kitchen"": ""open"", ""mirror"": false, ""outdoor"": ""none"", ""topology"": ""0f43eb1a42cf""}"
501,#03-101,L3,101,5R,5R-PT-A,c507e468b7bd,110.0,"{""kitchen"": ""open"", ""mirror"": false, ""outdoor"": ""none"", ""topology"": ""0f43eb1a42cf""}"
501,#04-101,L4,101,5R,5R-PT-A,c507e468b7bd,110.0,"{""kitchen"": ""open"", ""mirror"": false, ""outdoor"": ""none"", ""topology"": ""0f43eb1a42cf""}"
501,#05-101,L5,101,5R,5R-PT-A,c507e468b7bd,110.0,"{""kitchen"": ""open"", ""mirror"": false, ""outdoor"": ""none"", ""topology"": ""0f43eb1a42cf""}"
501,#06-101,L6,101,5R,5R-PT-A,c507e468b7bd,110.0,"{""kitchen"": ""open"", ""mirror"": false, ""outdoor"": ""none"", ""topology"": ""0f43eb1a42cf""}"
501,#07-101,L7,101,5R,5R-PT-A,c507e468b7bd,110.0,"{""kitchen"": ""open"", ""mirror"": false, ""outdoor"": ""none"", ""topology"": ""0f43eb1a42cf""}"
501,#08-101,L8,101,5R,5R-PT-A,c507e468b7bd,110.0,"{""kitchen"": ""open"", ""mirror"": false, ""outdoor"": ""none"", ""topology"": ""0f43eb1a42cf""}"
501,#09-101,L9,101,5R,5R-PT-A,c507e468b7bd,110.0,"{""kitchen"": ""open"", ""mirror"": false, ""outdoor"": ""none"", ""topology"": ""0f43eb1a42cf""}"
501,#10-101,L10,101,5R,5R-PT-A,c507e468b7bd,110.0,"{""kitchen"": ""open"", ""mirror"": false, ""outdoor"": ""none"", ""topology"": ""0f43eb1a42cf""}"
501,#11-101,L11,101,5R,5R-PT-A,c507e468b7bd,110.0,"{""kitchen"": ""open"", ""mirror"": false, ""outdoor"": ""none"", ""topology"": ""0f43eb1a42cf""}"
501,#12-101,L12,101,5R,5R-PT-A,c507e468b7bd,110.0,"{""kitchen"": ""open"", ""mirror"": false, ""outdoor"": ""none"", ""topology"": ""0f43eb1a42cf""}"
501,#13-101,L13,101,5R,5R-PT-A,c507e468b7bd,110.0,"{""kitchen"": ""open"", ""mirror"": false, ""outdoor"": ""none"", ""topology"": ""0f43eb1a42cf""}"
501,#14-101,L14,101,5R,5R-PT-A,c507e468b7bd,110.0,"{""kitchen"": ""open"", ""mirror"": false, ""outdoor"": ""none"", ""topology"": ""0f43eb1a42cf""}"
501,#15-101,L15,101,5R,5R-PT-A,c507e468b7bd,110.0,"{""kitchen"": ""open"", ""mirror"": false, ""outdoor"": ""none"", ""topology"": ""0f43eb1a42cf""}"
501,#16-101,L16,101,5R,5R-PT-A,c507e468b7bd,110.0,"{""kitchen"": ""open"", ""mirror"": false, ""outdoor"": ""none"", ""topology"": ""0f43eb1a42cf""}"
501,#17-101,L17,101,5R,5R-PT-A,c507e468b7bd,110.0,"{""kitchen"": ""open"", ""mirror"": false, ""outdoor"": ""none"", ""topology"": ""0f43eb1a42cf""}"
501,#18-101,L18,101,5R,5R-PT-A,c507e468b7bd,110.0,"{""kitchen"": ""open"", ""mirror"": false, ""outdoor"": ""none"", ""topology"": ""0f43eb1a42cf""}"
501,#19-101,L19,101,5R,5R-PT-A,c507e468b7bd,110.0,"{""kitchen"": ""open"", ""mirror"": false, ""outdoor"": ""none"", ""topology"": ""0f43eb1a42cf""}"
501,#20-101,L20,101,5R,5R-PT-A,c507e468b7bd,110.0,"{""kitchen"": ""open"", ""mirror"": false, ""outdoor"": ""none"", ""topology"": ""0f43eb1a42cf""}"
501,#02-103,L2,103,4R,4R-PT-B,6680374320c8,93.0,"{""kitchen"": ""closed"", ""mirror"": false, ""outdoor"": ""ac_ledge"", ""topology"": ""9eb148e73401""}"
501,#03-103,L3,103,4R,4R-PT-B,6680374320c8,93.0,"{""kitchen"": ""closed"", ""mirror"": false, ""outdoor"": ""ac_ledge"", ""topology"": ""9eb148e73401""}"
501,#04-103,L4,103,4R,4R-PT-B,6680374320c8,93.0,"{""kitchen"": ""closed"", ""mirror"": false, ""outdoor"": ""ac_ledge"", ""topology"": ""9eb148e73401""}"
501,#05-103,L5,103,4R,4R-PT-B,6680374320c8,93.0,"{""kitchen"": ""closed"", ""mirror"": false, ""outdoor"": ""ac_ledge"", ""topology"": ""9eb148e73401""}"
501,#06-103,L6,103,4R,4R-PT-B,6680374320c8,93.0,"{""kitchen"": ""closed"", ""mirror"": false, ""outdoor"": ""ac_ledge"", ""topology"": ""9eb148e73401""}"
501,#07-103,L7,103,4R,4R-PT-B,6680374320c8,93.0,"{""kitchen"": ""closed"", ""mirror"": false, ""outdoor"": ""ac_ledge"", ""topology"": ""9eb148e73401""}"
501,#08-103,L8,103,4R,4R-PT-B,6680374320c8,93.0,"{""kitchen"": ""closed"", ""mirror"": false, ""outdoor"": ""ac_ledge"", ""topology"": ""9eb148e73401""}"
501,#09-103,L9,103,4R,4R-PT-B,6680374320c8,93.0,"{""kitchen"": ""closed"", ""mirror"": false, ""outdoor"": ""ac_ledge"", ""topology"": ""9eb148e73401""}"
501,#10-103,L10,103,4R,4R-PT-B,6680374320c8,93.0,"{""kitchen"": ""closed"", ""mirror"": false, ""outdoor"": ""ac_ledge"", ""topology"": ""9eb148e73401""}"
501,#11-103,L11,103,4R,4R-PT-B,6680374320c8,93.0,"{""kitchen"": ""closed"", ""mirror"": false, ""outdoor"": ""ac_ledge"", ""topology"": ""9eb148e73401""}"
501,#12-103,L12,103,4R,4R-PT-B,6680374320c8,93.0,"{""kitchen"": ""closed"", ""mirror"": false, ""outdoor"": ""ac_ledge"", ""topology"": ""9eb148e73401""}"
501,#13-103,L13,103,4R,4R-PT-B,6680374320c8,93.0,"{""kitchen"": ""closed"", ""mirror"": false, ""outdoor"": ""ac_ledge"", ""topology"": ""9eb148e73401""}"
501,#14-103,L14,103,4R,4R-PT-B,6680374320c8,93.0,"{""kitchen"": ""closed"", ""mirror"": false, ""outdoor"": ""ac_ledge"", ""topology"": ""9eb148e73401""}"
501,#15-103,L15,103,4R,4R-PT-B,6680374320c8,93.0,"{""kitchen"": ""closed"", ""mirror"": false, ""outdoor"": ""ac_ledge"", ""topology"": ""9eb148e73401""}"
501,#16-103,L16,103,4R,4R-PT-B,6680374320c8,93.0,"{""kitchen"": ""closed"", ""mirror"": false, ""outdoor"": ""ac_ledge"", ""topology"": ""9eb148e73401""}"
501,#17-103,L17,103,4R,4R-PT-B,6680374320c8,93.0,"{""kitchen"": ""closed"", ""mirror"": false, ""outdoor"": ""ac_ledge"", ""topology"": ""9eb148e73401""}"
501,#18-103,L18,103,4R,4R-PT-B,6680374320c8,93.0,"{""kitchen"": ""closed"", ""mirror"": false, ""outdoor"": ""ac_ledge"", ""topology"": ""9eb148e73401""}"
501,#19-103,L19,103,4R,4R-PT-B,6680374320c8,93.0,"{""kitchen"": ""closed"", ""mirror"": false, ""outdoor"": ""ac_ledge"", ""topology"": ""9eb148e73401""}"
501,#20-103,L20,103,4R,4R-PT-B,6680374320c8,93.0,"{""kitchen"": ""closed"", ""mirror"": false, ""outdoor"": ""ac_ledge"", ""topology"": ""9eb148e73401""}"
501,#02-105,L2,105,4R,4R-PT-C,d152f2c7da13,92.4,"{""kitchen"": ""open"", ""mirror"": false, ""outdoor"": ""none"", ""topology"": ""e91b44c93845""}"
501,#03-105,L3,105,4R,4R-PT-C,d152f2c7da13,92.4,"{""kitchen"": ""open"", ""mirror"": false, ""outdoor"": ""none"", ""topology"": ""e91b44c93845""}"
501,#04-105,L4,105,4R,4R-PT-C,d152f2c7da13,92.4,"{""kitchen"": ""open"", ""mirror"": false, ""outdoor"": ""none"", ""topology"": ""e91b44c93845""}"
501,#05-105,L5,105,4R,4R-PT-C,d152f2c7da13,92.4,"{""kitchen"": ""open"", ""mirror"": false, ""outdoor"": ""none"", ""topology"": ""e91b44c93845""}"
501,#06-105,L6,105,4R,4R-PT-C,d152f2c7da13,92.4,"{""kitchen"": ""open"", ""mirror"": false, ""outdoor"": ""none"", ""topology"": ""e91b44c93845""}"
501,#07-105,L7,105,4R,4R-PT-C,d152f2c7da13,92.4,"{""kitchen"": ""open"", ""mirror"": false, ""outdoor"": ""none"", ""topology"": ""e91b44c93845""}"
501,#08-105,L8,105,4R,4R-PT-C,d152f2c7da13,92.4,"{""kitchen"": ""open"", ""mirror"": false, ""outdoor"": ""none"", ""topology"": ""e91b44c93845""}"
501,#09-105,L9,105,4R,4R-PT-C,d152f2c7da13,92.4,"{""kitchen"": ""open"", ""mirror"": false, ""outdoor"": ""none"", ""topology"": ""e91b44c93845""}"
501,#10-105,L10,105,4R,4R-PT-C,d152f2c7da13,92.4,"{""kitchen"": ""open"", ""mirror"": false, ""outdoor"": ""none"", ""topology"": ""e91b44c93845""}"
501,#11-105,L11,105,4R,4R-PT-C,d152f2c7da13,92.4,"{""kitchen"": ""open"", ""mirror"": false, ""outdoor"": ""none"", ""topology"": ""e91b44c93845""}"
501,#12-105,L12,105,4R,4R-PT-C,d152f2c7da13,92.4,"{""kitchen"": ""open"", ""mirror"": false, ""outdoor"": ""none"", ""topology"": ""e91b44c93845""}"
501,#13-105,L13,105,4R,4R-PT-C,d152f2c7da13,92.4,"{""kitchen"": ""open"", ""mirror"": false, ""outdoor"": ""none"", ""topology"": ""e91b44c93845""}"
501,#14-105,L14,105,4R,4R-PT-C,d152f2c7da13,92.4,"{""kitchen"": ""open"", ""mirror"": false, ""outdoor"": ""none"", ""topology"": ""e91b44c93845""}"
501,#15-105,L15,105,4R,4R-PT-C,d152f2c7da13,92.4,"{""kitchen"": ""open"", ""mirror"": false, ""outdoor"": ""none"", ""topology"": ""e91b44c93845""}"
501,#16-105,L16,105,4R,4R-PT-C,d152f2c7da13,92.4,"{""kitchen"": ""open"", ""mirror"": false, ""outdoor"": ""none"", ""topology"": ""e91b44c93845""}"
501,#17-105,L17,105,4R,4R-PT-C,d152f2c7da13,92.4,"{""kitchen"": ""open"", ""mirror"": false, ""outdoor"": ""none"", ""topology"": ""e91b44c93845""}"
501,#18-105,L18,105,4R,4R-PT-C,d152f2c7da13,92.4,"{""kitchen"": ""open"", ""mirror"": false, ""outdoor"": ""none"", ""topology"": ""e91b44c93845""}"
501,#19-105,L19,105,4R,4R-PT-C,d152f2c7da13,92.4,"{""kitchen"": ""open"", ""mirror"": false, ""outdoor"": ""none"", ""topology"": ""e91b44c93845""}"
501,#20-105,L20,105,4R,4R-PT-C,d152f2c7da13,92.4,"{""kitchen"": ""open"", ""mirror"": false, ""outdoor"": ""none"", ""topology"": ""e91b44c93845""}"
501,#02-107,L2,107,5R,5R-PT-A,69e960395f0e,111.4,"{""kitchen"": ""closed"", ""mirror"": false, ""outdoor"": ""ac_ledge"", ""topology"": ""fec5a000ebcd""}"
501,#03-107,L3,107,5R,5R-PT-A,69e960395f0e,111.4,"{""kitchen"": ""closed"", ""mirror"": false, ""outdoor"": ""ac_ledge"", ""topology"": ""fec5a000ebcd""}"
501,#04-107,L4,107,5R,5R-PT-A,69e960395f0e,111.4,"{""kitchen"": ""closed"", ""mirror"": false, ""outdoor"": ""ac_ledge"", ""topology"": ""fec5a000ebcd""}"
501,#05-107,L5,107,5R,5R-PT-A,69e960395f0e,111.4,"{""kitchen"": ""closed"", ""mirror"": false, ""outdoor"": ""ac_ledge"", ""topology"": ""fec5a000ebcd""}"
501,#06-107,L6,107,5R,5R-PT-A,69e960395f0e,111.4,"{""kitchen"": ""closed"", ""mirror"": false, ""outdoor"": ""ac_ledge"", ""topology"": ""fec5a000ebcd""}"
501,#07-107,L7,107,5R,5R-PT-A,69e960395f0e,111.4,"{""kitchen"": ""closed"", ""mirror"": false, ""outdoor"": ""ac_ledge"", ""topology"": ""fec5a000ebcd""}"
501,#08-107,L8,107,5R,5R-PT-A,69e960395f0e,111.4,"{""kitchen"": ""closed"", ""mirror"": false, ""outdoor"": ""ac_ledge"", ""topology"": ""fec5a000ebcd""}"
501,#09-107,L9,107,5R,5R-PT-A,69e960395f0e,111.4,"{""kitchen"": ""closed"", ""mirror"": false, ""outdoor"": ""ac_ledge"", ""topology"": ""fec5a000ebcd""}"
501,#10-107,L10,107,5R,5R-PT-A,69e960395f0e,111.4,"{""kitchen"": ""closed"", ""mirror"": false, ""outdoor"": ""ac_ledge"", ""topology"": ""fec5a000ebcd""}"
501,#11-107,L11,107,5R,5R-PT-A,69e960395f0e,111.4,"{""kitchen"": ""closed"", ""mirror"": false, ""outdoor"": ""ac_ledge"", ""topology"": ""fec5a000ebcd""}"
501,#12-107,L12,107,5R,5R-PT-A,69e960395f0e,111.4,"{""kitchen"": ""closed"", ""mirror"": false, ""outdoor"": ""ac_ledge"", ""topology"": ""fec5a000ebcd""}"
501,#13-107,L13,107,5R,5R-PT-A,69e960395f0e,111.4,"{""kitchen"": ""closed"", ""mirror"": false, ""outdoor"": ""ac_ledge"", ""topology"": ""fec5a000ebcd""}"
501,#14-107,L14,107,5R,5R-PT-A,69e960395f0e,111.4,"{""kitchen"": ""closed"", ""mirror"": false, ""outdoor"": ""ac_ledge"", ""topology"": ""fec5a000ebcd""}"
501,#15-107,L15,107,5R,5R-PT-A,69e960395f0e,111.4,"{""kitchen"": ""closed"", ""mirror"": false, ""outdoor"": ""ac_ledge"", ""topology"": ""fec5a000ebcd""}"
501,#16-107,L16,107,5R,5R-PT-A,69e960395f0e,111.4,"{""kitchen"": ""closed"", ""mirror"": false, ""outdoor"": ""ac_ledge"", ""topology"": ""fec5a000ebcd""}"
501,#17-107,L17,107,5R,5R-PT-A,69e960395f0e,111.4,"{""kitchen"": ""closed"", ""mirror"": false, ""outdoor"": ""ac_ledge"", ""topology"": ""fec5a000ebcd""}"
501,#18-107,L18,107,5R,5R-PT-A,69e960395f0e,111.4,"{""kitchen"": ""closed"", ""mirror"": false, ""outdoor"": ""ac_ledge"", ""topology"": ""fec5a000ebcd""}"
501,#19-107,L19,107,5R,5R-PT-A,69e960395f0e,111.4,"{""kitchen"": ""closed"", ""mirror"": false, ""outdoor"": ""ac_ledge"", ""topology"": ""fec5a000ebcd""}"
501,#20-107,L20,107,5R,5R-PT-A,69e960395f0e,111.4,"{""kitchen"": ""closed"", ""mirror"": false, ""outdoor"": ""ac_ledge"", ""topology"": ""fec5a000ebcd""}"
502,#02-101,L2,101,4R,4R-PT-C,22608e4fefc2,92.4,"{""kitchen"": ""closed"", ""mirror"": false, ""outdoor"": ""none"", ""topology"": ""e91b44c93845""}"
502,#03-101,L3,101,4R,4R-PT-C,22608e4fefc2,92.4,"{""kitchen"": ""closed"", ""mirror"": false, ""outdoor"": ""none"", ""topology"": ""e91b44c93845""}"
502,#04-101,L4,101,4R,4R-PT-C,22608e4fefc2,92.4,"{""kitchen"": ""closed"", ""mirror"": false, ""outdoor"": ""none"", ""topology"": ""e91b44c93845""}"
502,#05-101,L5,101,4R,4R-PT-C,22608e4fefc2,92.4,"{""kitchen"": ""closed"", ""mirror"": false, ""outdoor"": ""none"", ""topology"": ""e91b44c93845""}"
502,#06-101,L6,101,4R,4R-PT-C,22608e4fefc2,92.4,"{""kitchen"": ""closed"", ""mirror"": false, ""outdoor"": ""none"", ""topology"": ""e91b44c93845""}"
502,#07-101,L7,101,4R,4R-PT-C,22608e4fefc2,92.4,"{""kitchen"": ""closed"", ""mirror"": false, ""outdoor"": ""none"", ""topology"": ""e91b44c93845""}"
502,#08-101,L8,101,4R,4R-PT-C,22608e4fefc2,92.4,"{""kitchen"": ""closed"", ""mirror"": false, ""outdoor"": ""none"", ""topology"": ""e91b44c93845""}"
502,#09-101,L9,101,4R,4R-PT-C,22608e4fefc2,92.4,"{""kitchen"": ""closed"", ""mirror"": false, ""outdoor"": ""none"", ""topology"": ""e91b44c93845""}"
502,#10-101,L10,101,4R,4R-PT-C,22608e4fefc2,92.4,"{""kitchen"": ""closed"", ""mirror"": false, ""outdoor"": ""none"", ""topology"": ""e91b44c93845""}"
502,#11-101,L11,101,4R,4R-PT-C,22608e4fefc2,92.4,"{""kitchen"": ""closed"", ""mirror"": false, ""outdoor"": ""none"", ""topology"": ""e91b44c93845""}"
502,#12-101,L12,101,4R,4R-PT-C,22608e4fefc2,92.4,"{""kitchen"": ""closed"", ""mirror"": false, ""outdoor"": ""none"", ""topology"": ""e91b44c93845""}"
502,#13-101,L13,101,4R,4R-PT-C,22608e4fefc2,92.4,"{""kitchen"": ""closed"", ""mirror"": false, ""outdoor"": ""none"", ""topology"": ""e91b44c93845""}"
502,#14-101,L14,101,4R,4R-PT-C,22608e4fefc2,92.4,"{""kitchen"": ""closed"", ""mirror"": false, ""outdoor"": ""none"", ""topology"": ""e91b44c93845""}"
502,#15-101,L15,101,4R,4R-PT-C,22608e4fefc2,92.4,"{""kitchen"": ""closed"", ""mirror"": false, ""outdoor"": ""none"", ""topology"": ""e91b44c93845""}"
502,#16-101,L16,101,4R,4R-PT-C,22608e4fefc2,92.4,"{""kitchen"": ""closed"", ""mirror"": false, ""outdoor"": ""none"", ""topology"": ""e91b44c93845""}"
502,#17-101,L17,101,4R,4R-PT-C,22608e4fefc2,92.4,"{""kitchen"": ""closed"", ""mirror"": false, ""outdoor"": ""none"", ""topology"": ""e91b44c93845""}"
502,#18-101,L18,101,4R,4R-PT-C,22608e4fefc2,92.4,"{""kitchen"": ""closed"", ""mirror"": false, ""outdoor"": ""none"", ""topology"": ""e91b44c93845""}"
502,#19-101,L19,101,4R,4R-PT-C,22608e4fefc2,92.4,"{""kitchen"": ""closed"", ""mirror"": false, ""outdoor"": ""none"", ""topology"": ""e91b44c93845""}"
502,#20-101,L20,101,4R,4R-PT-C,22608e4fefc2,92.4,"{""kitchen"": ""closed"", ""mirror"": false, ""outdoor"": ""none"", ""topology"": ""e91b44c93845""}"
502,#02-103,L2,103,5R,5R-PT-A,e60428d6a934,111.4,"{""kitchen"": ""open"", ""mirror"": false, ""outdoor"": ""ac_ledge"", ""topology"": ""0f43eb1a42cf""}"
502,#03-103,L3,103,5R,5R-PT-A,e60428d6a934,111.4,"{""kitchen"": ""open"", ""mirror"": false, ""outdoor"": ""ac_ledge"", ""topology"": ""0f43eb1a42cf""}"
502,#04-103,L4,103,5R,5R-PT-A,e60428d6a934,111.4,"{""kitchen"": ""open"", ""mirror"": false, ""outdoor"": ""ac_ledge"", ""topology"": ""0f43eb1a42cf""}"
502,#05-103,L5,103,5R,5R-PT-A,e60428d6a934,111.4,"{""kitchen"": ""open"", ""mirror"": false, ""outdoor"": ""ac_ledge"", ""topology"": ""0f43eb1a42cf""}"
502,#06-103,L6,103,5R,5R-PT-A,e60428d6a934,111.4,"{""kitchen"": ""open"", ""mirror"": false, ""outdoor"": ""ac_ledge"", ""topology"": ""0f43eb1a42cf""}"
502,#07-103,L7,103,5R,5R-PT-A,e60428d6a934,111.4,"{""kitchen"": ""open"", ""mirror"": false, ""outdoor"": ""ac_ledge"", ""topology"": ""0f43eb1a42cf""}"
502,#08-103,L8,103,5R,5R-PT-A,e60428d6a934,111.4,"{""kitchen"": ""open"", ""mirror"": false, ""outdoor"": ""ac_ledge"", ""topology"": ""0f43eb1a42cf""}"
502,#09-103,L9,103,5R,5R-PT-A,e60428d6a934,111.4,"{""kitchen"": ""open"", ""mirror"": false, ""outdoor"": ""ac_ledge"", ""topology"": ""0f43eb1a42cf""}"
502,#10-103,L10,103,5R,5R-PT-A,e60428d6a934,111.4,"{""kitchen"": ""open"", ""mirror"": false, ""outdoor"": ""ac_ledge"", ""topology"": ""0f43eb1a42cf""}"
502,#11-103,L11,103,5R,5R-PT-A,e60428d6a934,111.4,"{""kitchen"": ""open"", ""mirror"": false, ""outdoor"": ""ac_ledge"", ""topology"": ""0f43eb1a42cf""}"
502,#12-103,L12,103,5R,5R-PT-A,e60428d6a934,111.4,"{""kitchen"": ""open"", ""mirror"": false, ""outdoor"": ""ac_ledge"", ""topology"": ""0f43eb1a42cf""}"
502,#13-103,L13,103,5R,5R-PT-A,e60428d6a934,111.4,"{""kitchen"": ""open"", ""mirror"": false, ""outdoor"": ""ac_ledge"", ""topology"": ""0f43eb1a42cf""}"
502,#14-103,L14,103,5R,5R-PT-A,e60428d6a934,111.4,"{""kitchen"": ""open"", ""mirror"": false, ""outdoor"": ""ac_ledge"", ""topology"": ""0f43eb1a42cf""}"
502,#15-103,L15,103,5R,5R-PT-A,e60428d6a934,111.4,"{""kitchen"": ""open"", ""mirror"": false, ""outdoor"": ""ac_ledge"", ""topology"": ""0f43eb1a42cf""}"
502,#16-103,L16,103,5R,5R-PT-A,e60428d6a934,111.4,"{""kitchen"": ""open"", ""mirror"": false, ""outdoor"": ""ac_ledge"", ""topology"": ""0f43eb1a42cf""}"
502,#17-103,L17,103,5R,5R-PT-A,e60428d6a934,111.4,"{""kitchen"": ""open"", ""mirror"": false, ""outdoor"": ""ac_ledge"", ""topology"": ""0f43eb1a42cf""}"
502,#18-103,L18,103,5R,5R-PT-A,e60428d6a934,111.4,"{""kitchen"": ""open"", ""mirror"": false, ""outdoor"": ""ac_ledge"", ""topology"": ""0f43eb1a42cf""}"
502,#19-103,L19,103,5R,5R-PT-A,e60428d6a934,111.4,"{""kitchen"": ""open"", ""mirror"": false, ""outdoor"": ""ac_ledge"", ""topology"": ""0f43eb1a42cf""}"
502,#20-103,L20,103,5R,5R-PT-A,e60428d6a934,111.4,"{""kitchen"": ""open"", ""mirror"": false, ""outdoor"": ""ac_ledge"", ""topology"": ""0f43eb1a42cf""}"
502,#02-105,L2,105,5R,5R-PT-A,3cff042e19e8,110.0,"{""kitchen"": ""closed"", ""mirror"": false, ""outdoor"": ""none"", ""topology"": ""fec5a000ebcd""}"
502,#03-105,L3,105,5R,5R-PT-A,3cff042e19e8,110.0,"{""kitchen"": ""closed"", ""mirror"": false, ""outdoor"": ""none"", ""topology"": ""fec5a000ebcd""}"
502,#04-105,L4,105,5R,5R-PT-A,3cff042e19e8,110.0,"{""kitchen"": ""closed"", ""mirror"": false, ""outdoor"": ""none"", ""topology"": ""fec5a000ebcd""}"
502,#05-105,L5,105,5R,5R-PT-A,3cff042e19e8,110.0,"{""kitchen"": ""closed"", ""mirror"": false, ""outdoor"": ""none"", ""topology"": ""fec5a000ebcd""}"
502,#06-105,L6,105,5R,5R-PT-A,3cff042e19e8,110.0,"{""kitchen"": ""closed"", ""mirror"": false, ""outdoor"": ""none"", ""topology"": ""fec5a000ebcd""}"
502,#07-105,L7,105,5R,5R-PT-A,3cff042e19e8,110.0,"{""kitchen"": ""closed"", ""mirror"": false, ""outdoor"": ""none"", ""topology"": ""fec5a000ebcd""}"
502,#08-105,L8,105,5R,5R-PT-A,3cff042e19e8,110.0,"{""kitchen"": ""closed"", ""mirror"": false, ""outdoor"": ""none"", ""topology"": ""fec5a000ebcd""}"
502,#09-105,L9,105,5R,5R-PT-A,3cff042e19e8,110.0,"{""kitchen"": ""closed"", ""mirror"": false, ""outdoor"": ""none"", ""topology"": ""fec5a000ebcd""}"
502,#10-105,L10,105,5R,5R-PT-A,3cff042e19e8,110.0,"{""kitchen"": ""closed"", ""mirror"": false, ""outdoor"": ""none"", ""topology"": ""fec5a000ebcd""}"
502,#11-105,L11,105,5R,5R-PT-A,3cff042e19e8,110.0,"{""kitchen"": ""closed"", ""mirror"": false, ""outdoor"": ""none"", ""topology"": ""fec5a000ebcd""}"
502,#12-105,L12,105,5R,5R-PT-A,3cff042e19e8,110.0,"{""kitchen"": ""closed"", ""mirror"": false, ""outdoor"": ""none"", ""topology"": ""fec5a000ebcd""}"
502,#13-105,L13,105,5R,5R-PT-A,3cff042e19e8,110.0,"{""kitchen"": ""closed"", ""mirror"": false, ""outdoor"": ""none"", ""topology"": ""fec5a000ebcd""}"
502,#14-105,L14,105,5R,5R-PT-A,3cff042e19e8,110.0,"{""kitchen"": ""closed"", ""mirror"": false, ""outdoor"": ""none"", ""topology"": ""fec5a000ebcd""}"
502,#15-105,L15,105,5R,5R-PT-A,3cff042e19e8,110.0,"{""kitchen"": ""closed"", ""mirror"": false, ""outdoor"": ""none"", ""topology"": ""fec5a000ebcd""}"
502,#16-105,L16,105,5R,5R-PT-A,3cff042e19e8,110.0,"{""kitchen"": ""closed"", ""mirror"": false, ""outdoor"": ""none"", ""topology"": ""fec5a000ebcd""}"
502,#17-105,L17,105,5R,5R-PT-A,3cff042e19e8,110.0,"{""kitchen"": ""closed"", ""mirror"": false, ""outdoor"": ""none"", ""topology"": ""fec5a000ebcd""}"
502,#18-105,L18,105,5R,5R-PT-A,3cff042e19e8,110.0,"{""kitchen"": ""closed"", ""mirror"": false, ""outdoor"": ""none"", ""topology"": ""fec5a000ebcd""}"
502,#19-105,L19,105,5R,5R-PT-A,3cff042e19e8,110.0,"{""kitchen"": ""closed"", ""mirror"": false, ""outdoor"": ""none"", ""topology"": ""fec5a000ebcd""}"
502,#20-105,L20,105,5R,5R-PT-A,3cff042e19e8,110.0,"{""kitchen"": ""closed"", ""mirror"": false, ""outdoor"": ""none"", ""topology"": ""fec5a000ebcd""}"
502,#02-107,L2,107,4R,4R-PT-B,6680374320c8,93.0,"{""kitchen"": ""closed"", ""mirror"": false, ""outdoor"": ""ac_ledge"", ""topology"": ""9eb148e73401""}"
502,#03-107,L3,107,4R,4R-PT-B,6680374320c8,93.0,"{""kitchen"": ""closed"", ""mirror"": false, ""outdoor"": ""ac_ledge"", ""topology"": ""9eb148e73401""}"
502,#04-107,L4,107,4R,4R-PT-B,6680374320c8,93.0,"{""kitchen"": ""closed"", ""mirror"": false, ""outdoor"": ""ac_ledge"", ""topology"": ""9eb148e73401""}"
502,#05-107,L5,107,4R,4R-PT-B,6680374320c8,93.0,"{""kitchen"": ""closed"", ""mirror"": false, ""outdoor"": ""ac_ledge"", ""topology"": ""9eb148e73401""}"
502,#06-107,L6,107,4R,4R-PT-B,6680374320c8,93.0,"{""kitchen"": ""closed"", ""mirror"": false, ""outdoor"": ""ac_ledge"", ""topology"": ""9eb148e73401""}"
502,#07-107,L7,107,4R,4R-PT-B,6680374320c8,93.0,"{""kitchen"": ""closed"", ""mirror"": false, ""outdoor"": ""ac_ledge"", ""topology"": ""9eb148e73401""}"
502,#08-107,L8,107,4R,4R-PT-B,6680374320c8,93.0,"{""kitchen"": ""closed"", ""mirror"": false, ""outdoor"": ""ac_ledge"", ""topology"": ""9eb148e73401""}"
502,#09-107,L9,107,4R,4R-PT-B,6680374320c8,93.0,"{""kitchen"": ""closed"", ""mirror"": false, ""outdoor"": ""ac_ledge"", ""topology"": ""9eb148e73401""}"
502,#10-107,L10,107,4R,4R-PT-B,6680374320c8,93.0,"{""kitchen"": ""closed"", ""mirror"": false, ""outdoor"": ""ac_ledge"", ""topology"": ""9eb148e73401""}"
502,#11-107,L11,107,4R,4R-PT-B,6680374320c8,93.0,"{""kitchen"": ""closed"", ""mirror"": false, ""outdoor"": ""ac_ledge"", ""topology"": ""9eb148e73401""}"
502,#12-107,L12,107,4R,4R-PT-B,6680374320c8,93.0,"{""kitchen"": ""closed"", ""mirror"": false, ""outdoor"": ""ac_ledge"", ""topology"": ""9eb148e73401""}"
502,#13-107,L13,107,4R,4R-PT-B,6680374320c8,93.0,"{""kitchen"": ""closed"", ""mirror"": false, ""outdoor"": ""ac_ledge"", ""topology"": ""9eb148e73401""}"
502,#14-107,L14,107,4R,4R-PT-B,6680374320c8,93.0,"{""kitchen"": ""closed"", ""mirror"": false, ""outdoor"": ""ac_ledge"", ""topology"": ""9eb148e73401""}"
502,#15-107,L15,107,4R,4R-PT-B,6680374320c8,93.0,"{""kitchen"": ""closed"", ""mirror"": false, ""outdoor"": ""ac_ledge"", ""topology"": ""9eb148e73401""}"
502,#16-107,L16,107,4R,4R-PT-B,6680374320c8,93.0,"{""kitchen"": ""closed"", ""mirror"": false, ""outdoor"": ""ac_ledge"", ""topology"": ""9eb148e73401""}"
502,#17-107,L17,107,4R,4R-PT-B,6680374320c8,93.0,"{""kitchen"": ""closed"", ""mirror"": false, ""outdoor"": ""ac_ledge"", ""topology"": ""9eb148e73401""}"
502,#18-107,L18,107,4R,4R-PT-B,6680374320c8,93.0,"{""kitchen"": ""closed"", ""mirror"": false, ""outdoor"": ""ac_ledge"", ""topology"": ""9eb148e73401""}"
502,#19-107,L19,107,4R,4R-PT-B,6680374320c8,93.0,"{""kitchen"": ""closed"", ""mirror"": false, ""outdoor"": ""ac_ledge"", ""topology"": ""9eb148e73401""}"
502,#20-107,L20,107,4R,4R-PT-B,6680374320c8,93.0,"{""kitchen"": ""closed"", ""mirror"": false, ""outdoor"": ""ac_ledge"", ""topology"": ""9eb148e73401""}"
503,#02-101,L2,101,3R,3R-PT-A,69d1fe1940e3,66.0,"{""kitchen"": ""closed"", ""mirror"": false, ""outdoor"": ""ac_ledge"", ""topology"": ""ff73b808dc93""}"
503,#03-101,L3,101,3R,3R-PT-A,69d1fe1940e3,66.0,"{""kitchen"": ""closed"", ""mirror"": false, ""outdoor"": ""ac_ledge"", ""topology"": ""ff73b808dc93""}"
503,#04-101,L4,101,3R,3R-PT-A,69d1fe1940e3,66.0,"{""kitchen"": ""closed"", ""mirror"": false, ""outdoor"": ""ac_ledge"", ""topology"": ""ff73b808dc93""}"
503,#05-101,L5,101,3R,3R-PT-A,69d1fe1940e3,66.0,"{""kitchen"": ""closed"", ""mirror"": false, ""outdoor"": ""ac_ledge"", ""topology"": ""ff73b808dc93""}"
503,#06-101,L6,101,3R,3R-PT-A,69d1fe1940e3,66.0,"{""kitchen"": ""closed"", ""mirror"": false, ""outdoor"": ""ac_ledge"", ""topology"": ""ff73b808dc93""}"
503,#07-101,L7,101,3R,3R-PT-A,69d1fe1940e3,66.0,"{""kitchen"": ""closed"", ""mirror"": false, ""outdoor"": ""ac_ledge"", ""topology"": ""ff73b808dc93""}"
503,#08-101,L8,101,3R,3R-PT-A,69d1fe1940e3,66.0,"{""kitchen"": ""closed"", ""mirror"": false, ""outdoor"": ""ac_ledge"", ""topology"": ""ff73b808dc93""}"
503,#09-101,L9,101,3R,3R-PT-A,69d1fe1940e3,66.0,"{""kitchen"": ""closed"", ""mirror"": false, ""outdoor"": ""ac_ledge"", ""topology"": ""ff73b808dc93""}"
503,#10-101,L10,101,3R,3R-PT-A,69d1fe1940e3,66.0,"{""kitchen"": ""closed"", ""mirror"": false, ""outdoor"": ""ac_ledge"", ""topology"": ""ff73b808dc93""}"
503,#11-101,L11,101,3R,3R-PT-A,69d1fe1940e3,66.0,"{""kitchen"": ""closed"", ""mirror"": false, ""outdoor"": ""ac_ledge"", ""topology"": ""ff73b808dc93""}"
503,#12-101,L12,101,3R,3R-PT-A,69d1fe1940e3,66.0,"{""kitchen"": ""closed"", ""mirror"": false, ""outdoor"": ""ac_ledge"", ""topology"": ""ff73b808dc93""}"
503,#13-101,L13,101,3R,3R-PT-A,69d1fe1940e3,66.0,"{""kitchen"": ""closed"", ""mirror"": false, ""outdoor"": ""ac_ledge"", ""topology"": ""ff73b808dc93""}"
503,#14-101,L14,101,3R,3R-PT-A,69d1fe1940e3,66.0,"{""kitchen"": ""closed"", ""mirror"": false, ""outdoor"": ""ac_ledge"", ""topology"": ""ff73b808dc93""}"
503,#15-101,L15,101,3R,3R-PT-A,69d1fe1940e3,66.0,"{""kitchen"": ""closed"", ""mirror"": false, ""outdoor"": ""ac_ledge"", ""topology"": ""ff73b808dc93""}"
503,#16-101,L16,101,3R,3R-PT-A,69d1fe1940e3,66.0,"{""kitchen"": ""closed"", ""mirror"": false, ""outdoor"": ""ac_ledge"", ""topology"": ""ff73b808dc93""}"
503,#17-101,L17,101,3R,3R-PT-A,69d1fe1940e3,66.0,"{""kitchen"": ""closed"", ""mirror"": false, ""outdoor"": ""ac_ledge"", ""topology"": ""ff73b808dc93""}"
503,#18-101,L18,101,3R,3R-PT-A,69d1fe1940e3,66.0,"{""kitchen"": ""closed"", ""mirror"": false, ""outdoor"": ""ac_ledge"", ""topology"": ""ff73b808dc93""}"
503,#19-101,L19,101,3R,3R-PT-A,69d1fe1940e3,66.0,"{""kitchen"": ""closed"", ""mirror"": false, ""outdoor"": ""ac_ledge"", ""topology"": ""ff73b808dc93""}"
503,#20-101,L20,101,3R,3R-PT-A,69d1fe1940e3,66.0,"{""kitchen"": ""closed"", ""mirror"": false, ""outdoor"": ""ac_ledge"", ""topology"": ""ff73b808dc93""}"
503,#21-101,L21,101,3R,3R-PT-A,69d1fe1940e3,66.0,"{""kitchen"": ""closed"", ""mirror"": false, ""outdoor"": ""ac_ledge"", ""topology"": ""ff73b808dc93""}"
503,#22-101,L22,101,3R,3R-PT-A,69d1fe1940e3,66.0,"{""kitchen"": ""closed"", ""mirror"": false, ""outdoor"": ""ac_ledge"", ""topology"": ""ff73b808dc93""}"
503,#02-103,L2,103,4R,4R-PT-B,6680374320c8,93.0,"{""kitchen"": ""closed"", ""mirror"": false, ""outdoor"": ""ac_ledge"", ""topology"": ""9eb148e73401""}"
503,#03-103,L3,103,4R,4R-PT-B,6680374320c8,93.0,"{""kitchen"": ""closed"", ""mirror"": false, ""outdoor"": ""ac_ledge"", ""topology"": ""9eb148e73401""}"
503,#04-103,L4,103,4R,4R-PT-B,6680374320c8,93.0,"{""kitchen"": ""closed"", ""mirror"": false, ""outdoor"": ""ac_ledge"", ""topology"": ""9eb148e73401""}"
503,#05-103,L5,103,4R,4R-PT-B,6680374320c8,93.0,"{""kitchen"": ""closed"", ""mirror"": false, ""outdoor"": ""ac_ledge"", ""topology"": ""9eb148e73401""}"
503,#06-103,L6,103,4R,4R-PT-B,6680374320c8,93.0,"{""kitchen"": ""closed"", ""mirror"": false, ""outdoor"": ""ac_ledge"", ""topology"": ""9eb148e73401""}"
503,#07-103,L7,103,4R,4R-PT-B,6680374320c8,93.0,"{""kitchen"": ""closed"", ""mirror"": false, ""outdoor"": ""ac_ledge"", ""topology"": ""9eb148e73401""}"
503,#08-103,L8,103,4R,4R-PT-B,6680374320c8,93.0,"{""kitchen"": ""closed"", ""mirror"": false, ""outdoor"": ""ac_ledge"", ""topology"": ""9eb148e73401""}"
503,#09-103,L9,103,4R,4R-PT-B,6680374320c8,93.0,"{""kitchen"": ""closed"", ""mirror"": false, ""outdoor"": ""ac_ledge"", ""topology"": ""9eb148e73401""}"
503,#10-103,L10,103,4R,4R-PT-B,6680374320c8,93.0,"{""kitchen"": ""closed"", ""mirror"": false, ""outdoor"": ""ac_ledge"", ""topology"": ""9eb148e73401""}"
503,#11-103,L11,103,4R,4R-PT-B,6680374320c8,93.0,"{""kitchen"": ""closed"", ""mirror"": false, ""outdoor"": ""ac_ledge"", ""topology"": ""9eb148e73401""}"
503,#12-103,L12,103,4R,4R-PT-B,6680374320c8,93.0,"{""kitchen"": ""closed"", ""mirror"": false, ""outdoor"": ""ac_ledge"", ""topology"": ""9eb148e73401""}"
503,#13-103,L13,103,4R,4R-PT-B,6680374320c8,93.0,"{""kitchen"": ""closed"", ""mirror"": false, ""outdoor"": ""ac_ledge"", ""topology"": ""9eb148e73401""}"
503,#14-103,L14,103,4R,4R-PT-B,6680374320c8,93.0,"{""kitchen"": ""closed"", ""mirror"": false, ""outdoor"": ""ac_ledge"", ""topology"": ""9eb148e73401""}"
503,#15-103,L15,103,4R,4R-PT-B,6680374320c8,93.0,"{""kitchen"": ""closed"", ""mirror"": false, ""outdoor"": ""ac_ledge"", ""topology"": ""9eb148e73401""}"
503,#16-103,L16,103,4R,4R-PT-B,6680374320c8,93.0,"{""kitchen"": ""closed"", ""mirror"": false, ""outdoor"": ""ac_ledge"", ""topology"": ""9eb148e73401""}"
503,#17-103,L17,103,4R,4R-PT-B,6680374320c8,93.0,"{""kitchen"": ""closed"", ""mirror"": false, ""outdoor"": ""ac_ledge"", ""topology"": ""9eb148e73401""}"
503,#18-103,L18,103,4R,4R-PT-B,6680374320c8,93.0,"{""kitchen"": ""closed"", ""mirror"": false, ""outdoor"": ""ac_ledge"", ""topology"": ""9eb148e73401""}"
503,#19-103,L19,103,4R,4R-PT-B,6680374320c8,93.0,"{""kitchen"": ""closed"", ""mirror"": false, ""outdoor"": ""ac_ledge"", ""topology"": ""9eb148e73401""}"
503,#20-103,L20,103,4R,4R-PT-B,6680374320c8,93.0,"{""kitchen"": ""closed"", ""mirror"": false, ""outdoor"": ""ac_ledge"", ""topology"": ""9eb148e73401""}"
503,#21-103,L21,103,4R,4R-PT-B,6680374320c8,93.0,"{""kitchen"": ""closed"", ""mirror"": false, ""outdoor"": ""ac_ledge"", ""topology"": ""9eb148e73401""}"
503,#22-103,L22,103,4R,4R-PT-B,6680374320c8,93.0,"{""kitchen"": ""closed"", ""mirror"": false, ""outdoor"": ""ac_ledge"", ""topology"": ""9eb148e73401""}"
503,#02-105,L2,105,3R,3R-PT-A,db73e000a6be,65.1,"{""kitchen"": ""closed"", ""mirror"": false, ""outdoor"": ""none"", ""topology"": ""ff73b808dc93""}"
503,#03-105,L3,105,3R,3R-PT-A,db73e000a6be,65.1,"{""kitchen"": ""closed"", ""mirror"": false, ""outdoor"": ""none"", ""topology"": ""ff73b808dc93""}"
503,#04-105,L4,105,3R,3R-PT-A,db73e000a6be,65.1,"{""kitchen"": ""closed"", ""mirror"": false, ""outdoor"": ""none"", ""topology"": ""ff73b808dc93""}"
503,#05-105,L5,105,3R,3R-PT-A,db73e000a6be,65.1,"{""kitchen"": ""closed"", ""mirror"": false, ""outdoor"": ""none"", ""topology"": ""ff73b808dc93""}"
503,#06-105,L6,105,3R,3R-PT-A,db73e000a6be,65.1,"{""kitchen"": ""closed"", ""mirror"": false, ""outdoor"": ""none"", ""topology"": ""ff73b808dc93""}"
503,#07-105,L7,105,3R,3R-PT-A,db73e000a6be,65.1,"{""kitchen"": ""closed"", ""mirror"": false, ""outdoor"": ""none"", ""topology"": ""ff73b808dc93""}"
503,#08-105,L8,105,3R,3R-PT-A,db73e000a6be,65.1,"{""kitchen"": ""closed"", ""mirror"": false, ""outdoor"": ""none"", ""topology"": ""ff73b808dc93""}"
503,#09-105,L9,105,3R,3R-PT-A,db73e000a6be,65.1,"{""kitchen"": ""closed"", ""mirror"": false, ""outdoor"": ""none"", ""topology"": ""ff73b808dc93""}"
503,#10-105,L10,105,3R,3R-PT-A,db73e000a6be,65.1,"{""kitchen"": ""closed"", ""mirror"": false, ""outdoor"": ""none"", ""topology"": ""ff73b808dc93""}"
503,#11-105,L11,105,3R,3R-PT-A,db73e000a6be,65.1,"{""kitchen"": ""closed"", ""mirror"": false, ""outdoor"": ""none"", ""topology"": ""ff73b808dc93""}"
503,#12-105,L12,105,3R,3R-PT-A,db73e000a6be,65.1,"{""kitchen"": ""closed"", ""mirror"": false, ""outdoor"": ""none"", ""topology"": ""ff73b808dc93""}"
503,#13-105,L13,105,3R,3R-PT-A,db73e000a6be,65.1,"{""kitchen"": ""closed"", ""mirror"": false, ""outdoor"": ""none"", ""topology"": ""ff73b808dc93""}"
503,#14-105,L14,105,3R,3R-PT-A,db73e000a6be,65.1,"{""kitchen"": ""closed"", ""mirror"": false, ""outdoor"": ""none"", ""topology"": ""ff73b808dc93""}"
503,#15-105,L15,105,3R,3R-PT-A,db73e000a6be,65.1,"{""kitchen"": ""closed"", ""mirror"": false, ""outdoor"": ""none"", ""topology"": ""ff73b808dc93""}"
503,#16-105,L16,105,3R,3R-PT-A,db73e000a6be,65.1,"{""kitchen"": ""closed"", ""mirror"": false, ""outdoor"": ""none"", ""topology"": ""ff73b808dc93""}"
503,#17-105,L17,105,3R,3R-PT-A,db73e000a6be,65.1,"{""kitchen"": ""closed"", ""mirror"": false, ""outdoor"": ""none"", ""topology"": ""ff73b808dc93""}"
503,#18-105,L18,105,3R,3R-PT-A,db73e000a6be,65.1,"{""kitchen"": ""closed"", ""mirror"": false, ""outdoor"": ""none"", ""topology"": ""ff73b808dc93""}"
503,#19-105,L19,105,3R,3R-PT-A,db73e000a6be,65.1,"{""kitchen"": ""closed"", ""mirror"": false, ""outdoor"": ""none"", ""topology"": ""ff73b808dc93""}"
503,#20-105,L20,105,3R,3R-PT-A,db73e000a6be,65.1,"{""kitchen"": ""closed"", ""mirror"": false, ""outdoor"": ""none"", ""topology"": ""ff73b808dc93""}"
503,#21-105,L21,105,3R,3R-PT-A,db73e000a6be,65.1,"{""kitchen"": ""closed"", ""mirror"": false, ""outdoor"": ""none"", ""topology"": ""ff73b808dc93""}"
503,#22-105,L22,105,3R,3R-PT-A,db73e000a6be,65.1,"{""kitchen"": ""closed"", ""mirror"": false, ""outdoor"": ""none"", ""topology"": ""ff73b808dc93""}"
503,#02-107,L2,107,4R,4R-PT-C,24a63ac3eecc,93.8,"{""kitchen"": ""closed"", ""mirror"": false, ""outdoor"": ""ac_ledge"", ""topology"": ""e91b44c93845""}"
503,#03-107,L3,107,4R,4R-PT-C,24a63ac3eecc,93.8,"{""kitchen"": ""closed"", ""mirror"": false, ""outdoor"": ""ac_ledge"", ""topology"": ""e91b44c93845""}"
503,#04-107,L4,107,4R,4R-PT-C,24a63ac3eecc,93.8,"{""kitchen"": ""closed"", ""mirror"": false, ""outdoor"": ""ac_ledge"", ""topology"": ""e91b44c93845""}"
503,#05-107,L5,107,4R,4R-PT-C,24a63ac3eecc,93.8,"{""kitchen"": ""closed"", ""mirror"": false, ""outdoor"": ""ac_ledge"", ""topology"": ""e91b44c93845""}"
503,#06-107,L6,107,4R,4R-PT-C,24a63ac3eecc,93.8,"{""kitchen"": ""closed"", ""mirror"": false, ""outdoor"": ""ac_ledge"", ""topology"": ""e91b44c93845""}"
503,#07-107,L7,107,4R,4R-PT-C,24a63ac3eecc,93.8,"{""kitchen"": ""closed"", ""mirror"": false, ""outdoor"": ""ac_ledge"", ""topology"": ""e91b44c93845""}"
503,#08-107,L8,107,4R,4R-PT-C,24a63ac3eecc,93.8,"{""kitchen"": ""closed"", ""mirror"": false, ""outdoor"": ""ac_ledge"", ""topology"": ""e91b44c93845""}"
503,#09-107,L9,107,4R,4R-PT-C,24a63ac3eecc,93.8,"{""kitchen"": ""closed"", ""mirror"": false, ""outdoor"": ""ac_ledge"", ""topology"": ""e91b44c93845""}"
503,#10-107,L10,107,4R,4R-PT-C,24a63ac3eecc,93.8,"{""kitchen"": ""closed"", ""mirror"": false, ""outdoor"": ""ac_ledge"", ""topology"": ""e91b44c93845""}"
503,#11-107,L11,107,4R,4R-PT-C,24a63ac3eecc,93.8,"{""kitchen"": ""closed"", ""mirror"": false, ""outdoor"": ""ac_ledge"", ""topology"": ""e91b44c93845""}"
503,#12-107,L12,107,4R,4R-PT-C,24a63ac3eecc,93.8,"{""kitchen"": ""closed"", ""mirror"": false, ""outdoor"": ""ac_ledge"", ""topology"": ""e91b44c93845""}"
503,#13-107,L13,107,4R,4R-PT-C,24a63ac3eecc,93.8,"{""kitchen"": ""closed"", ""mirror"": false, ""outdoor"": ""ac_ledge"", ""topology"": ""e91b44c93845""}"
503,#14-107,L14,107,4R,4R-PT-C,24a63ac3eecc,93.8,"{""kitchen"": ""closed"", ""mirror"": false, ""outdoor"": ""ac_ledge"", ""topology"": ""e91b44c93845""}"
503,#15-107,L15,107,4R,4R-PT-C,24a63ac3eecc,93.8,"{""kitchen"": ""closed"", ""mirror"": false, ""outdoor"": ""ac_ledge"", ""topology"": ""e91b44c93845""}"
503,#16-107,L16,107,4R,4R-PT-C,24a63ac3eecc,93.8,"{""kitchen"": ""closed"", ""mirror"": false, ""outdoor"": ""ac_ledge"", ""topology"": ""e91b44c93845""}"
503,#17-107,L17,107,4R,4R-PT-C,24a63ac3eecc,93.8,"{""kitchen"": ""closed"", ""mirror"": false, ""outdoor"": ""ac_ledge"", ""topology"": ""e91b44c93845""}"
503,#18-107,L18,107,4R,4R-PT-C,24a63ac3eecc,93.8,"{""kitchen"": ""closed"", ""mirror"": false, ""outdoor"": ""ac_ledge"", ""topology"": ""e91b44c93845""}"
503,#19-107,L19,107,4R,4R-PT-C,24a63ac3eecc,93.8,"{""kitchen"": ""closed"", ""mirror"": false, ""outdoor"": ""ac_ledge"", ""topology"": ""e91b44c93845""}"
503,#20-107,L20,107,4R,4R-PT-C,24a63ac3eecc,93.8,"{""kitchen"": ""closed"", ""mirror"": false, ""outdoor"": ""ac_ledge"", ""topology"": ""e91b44c93845""}"
503,#21-107,L21,107,4R,4R-PT-C,24a63ac3eecc,93.8,"{""kitchen"": ""closed"", ""mirror"": false, ""outdoor"": ""ac_ledge"", ""topology"": ""e91b44c93845""}"
503,#22-107,L22,107,4R,4R-PT-C,24a63ac3eecc,93.8,"{""kitchen"": ""closed"", ""mirror"": false, ""outdoor"": ""ac_ledge"", ""topology"": ""e91b44c93845""}"
504,#02-101,L2,101,4R,4R-PT-B,4de5ce9d17dd,93.0,"{""kitchen"": ""open"", ""mirror"": false, ""outdoor"": ""ac_ledge"", ""topology"": ""9eb148e73401""}"
504,#03-101,L3,101,4R,4R-PT-B,4de5ce9d17dd,93.0,"{""kitchen"": ""open"", ""mirror"": false, ""outdoor"": ""ac_ledge"", ""topology"": ""9eb148e73401""}"
504,#04-101,L4,101,4R,4R-PT-B,4de5ce9d17dd,93.0,"{""kitchen"": ""open"", ""mirror"": false, ""outdoor"": ""ac_ledge"", ""topology"": ""9eb148e73401""}"
504,#05-101,L5,101,4R,4R-PT-B,4de5ce9d17dd,93.0,"{""kitchen"": ""open"", ""mirror"": false, ""outdoor"": ""ac_ledge"", ""topology"": ""9eb148e73401""}"
504,#06-101,L6,101,4R,4R-PT-B,4de5ce9d17dd,93.0,"{""kitchen"": ""open"", ""mirror"": false, ""outdoor"": ""ac_ledge"", ""topology"": ""9eb148e73401""}"
504,#07-101,L7,101,4R,4R-PT-B,4de5ce9d17dd,93.0,"{""kitchen"": ""open"", ""mirror"": false, ""outdoor"": ""ac_ledge"", ""topology"": ""9eb148e73401""}"
504,#08-101,L8,101,4R,4R-PT-B,4de5ce9d17dd,93.0,"{""kitchen"": ""open"", ""mirror"": false, ""outdoor"": ""ac_ledge"", ""topology"": ""9eb148e73401""}"
504,#09-101,L9,101,4R,4R-PT-B,4de5ce9d17dd,93.0,"{""kitchen"": ""open"", ""mirror"": false, ""outdoor"": ""ac_ledge"", ""topology"": ""9eb148e73401""}"
504,#10-101,L10,101,4R,4R-PT-B,4de5ce9d17dd,93.0,"{""kitchen"": ""open"", ""mirror"": false, ""outdoor"": ""ac_ledge"", ""topology"": ""9eb148e73401""}"
504,#11-101,L11,101,4R,4R-PT-B,4de5ce9d17dd,93.0,"{""kitchen"": ""open"", ""mirror"": false, ""outdoor"": ""ac_ledge"", ""topology"": ""9eb148e73401""}"
504,#12-101,L12,101,4R,4R-PT-B,4de5ce9d17dd,93.0,"{""kitchen"": ""open"", ""mirror"": false, ""outdoor"": ""ac_ledge"", ""topology"": ""9eb148e73401""}"
504,#13-101,L13,101,4R,4R-PT-B,4de5ce9d17dd,93.0,"{""kitchen"": ""open"", ""mirror"": false, ""outdoor"": ""ac_ledge"", ""topology"": ""9eb148e73401""}"
504,#14-101,L14,101,4R,4R-PT-B,4de5ce9d17dd,93.0,"{""kitchen"": ""open"", ""mirror"": false, ""outdoor"": ""ac_ledge"", ""topology"": ""9eb148e73401""}"
504,#15-101,L15,101,4R,4R-PT-B,4de5ce9d17dd,93.0,"{""kitchen"": ""open"", ""mirror"": false, ""outdoor"": ""ac_ledge"", ""topology"": ""9eb148e73401""}"
504,#16-101,L16,101,4R,4R-PT-B,4de5ce9d17dd,93.0,"{""kitchen"": ""open"", ""mirror"": false, ""outdoor"": ""ac_ledge"", ""topology"": ""9eb148e73401""}"
504,#17-101,L17,101,4R,4R-PT-B,4de5ce9d17dd,93.0,"{""kitchen"": ""open"", ""mirror"": false, ""outdoor"": ""ac_ledge"", ""topology"": ""9eb148e73401""}"
504,#18-101,L18,101,4R,4R-PT-B,4de5ce9d17dd,93.0,"{""kitchen"": ""open"", ""mirror"": false, ""outdoor"": ""ac_ledge"", ""topology"": ""9eb148e73401""}"
504,#19-101,L19,101,4R,4R-PT-B,4de5ce9d17dd,93.0,"{""kitchen"": ""open"", ""mirror"": false, ""outdoor"": ""ac_ledge"", ""topology"": ""9eb148e73401""}"
504,#20-101,L20,101,4R,4R-PT-B,4de5ce9d17dd,93.0,"{""kitchen"": ""open"", ""mirror"": false, ""outdoor"": ""ac_ledge"", ""topology"": ""9eb148e73401""}"
504,#21-101,L21,101,4R,4R-PT-B,4de5ce9d17dd,93.0,"{""kitchen"": ""open"", ""mirror"": false, ""outdoor"": ""ac_ledge"", ""topology"": ""9eb148e73401""}"
504,#22-101,L22,101,4R,4R-PT-B,4de5ce9d17dd,93.0,"{""kitchen"": ""open"", ""mirror"": false, ""outdoor"": ""ac_ledge"", ""topology"": ""9eb148e73401""}"
504,#02-103,L2,103,3R,3R-PT-A,db73e000a6be,65.1,"{""kitchen"": ""closed"", ""mirror"": false, ""outdoor"": ""none"", ""topology"": ""ff73b808dc93""}"
504,#03-103,L3,103,3R,3R-PT-A,db73e000a6be,65.1,"{""kitchen"": ""closed"", ""mirror"": false, ""outdoor"": ""none"", ""topology"": ""ff73b808dc93""}"
504,#04-103,L4,103,3R,3R-PT-A,db73e000a6be,65.1,"{""kitchen"": ""closed"", ""mirror"": false, ""outdoor"": ""none"", ""topology"": ""ff73b808dc93""}"
504,#05-103,L5,103,3R,3R-PT-A,db73e000a6be,65.1,"{""kitchen"": ""closed"", ""mirror"": false, ""outdoor"": ""none"", ""topology"": ""ff73b808dc93""}"
504,#06-103,L6,103,3R,3R-PT-A,db73e000a6be,65.1,"{""kitchen"": ""closed"", ""mirror"": false, ""outdoor"": ""none"", ""topology"": ""ff73b808dc93""}"
504,#07-103,L7,103,3R,3R-PT-A,db73e000a6be,65.1,"{""kitchen"": ""closed"", ""mirror"": false, ""outdoor"": ""none"", ""topology"": ""ff73b808dc93""}"
504,#08-103,L8,103,3R,3R-PT-A,db73e000a6be,65.1,"{""kitchen"": ""closed"", ""mirror"": false, ""outdoor"": ""none"", ""topology"": ""ff73b808dc93""}"
504,#09-103,L9,103,3R,3R-PT-A,db73e000a6be,65.1,"{""kitchen"": ""closed"", ""mirror"": false, ""outdoor"": ""none"", ""topology"": ""ff73b808dc93""}"
504,#10-103,L10,103,3R,3R-PT-A,db73e000a6be,65.1,"{""kitchen"": ""closed"", ""mirror"": false, ""outdoor"": ""none"", ""topology"": ""ff73b808dc93""}"
504,#11-103,L11,103,3R,3R-PT-A,db73e000a6be,65.1,"{""kitchen"": ""closed"", ""mirror"": false, ""outdoor"": ""none"", ""topology"": ""ff73b808dc93""}"
504,#12-103,L12,103,3R,3R-PT-A,db73e000a6be,65.1,"{""kitchen"": ""closed"", ""mirror"": false, ""outdoor"": ""none"", ""topology"": ""ff73b808dc93""}"
504,#13-103,L13,103,3R,3R-PT-A,db73e000a6be,65.1,"{""kitchen"": ""closed"", ""mirror"": false, ""outdoor"": ""none"", ""topology"": ""ff73b808dc93""}"
504,#14-103,L14,103,3R,3R-PT-A,db73e000a6be,65.1,"{""kitchen"": ""closed"", ""mirror"": false, ""outdoor"": ""none"", ""topology"": ""ff73b808dc93""}"
504,#15-103,L15,103,3R,3R-PT-A,db73e000a6be,65.1,"{""kitchen"": ""closed"", ""mirror"": false, ""outdoor"": ""none"", ""topology"": ""ff73b808dc93""}"
504,#16-103,L16,103,3R,3R-PT-A,db73e000a6be,65.1,"{""kitchen"": ""closed"", ""mirror"": false, ""outdoor"": ""none"", ""topology"": ""ff73b808dc93""}"
504,#17-103,L17,103,3R,3R-PT-A,db73e000a6be,65.1,"{""kitchen"": ""closed"", ""mirror"": false, ""outdoor"": ""none"", ""topology"": ""ff73b808dc93""}"
504,#18-103,L18,103,3R,3R-PT-A,db73e000a6be,65.1,"{""kitchen"": ""closed"", ""mirror"": false, ""outdoor"": ""none"", ""topology"": ""ff73b808dc93""}"
504,#19-103,L19,103,3R,3R-PT-A,db73e000a6be,65.1,"{""kitchen"": ""closed"", ""mirror"": false, ""outdoor"": ""none"", ""topology"": ""ff73b808dc93""}"
504,#20-103,L20,103,3R,3R-PT-A,db73e000a6be,65.1,"{""kitchen"": ""closed"", ""mirror"": false, ""outdoor"": ""none"", ""topology"": ""ff73b808dc93""}"
504,#21-103,L21,103,3R,3R-PT-A,db73e000a6be,65.1,"{""kitchen"": ""closed"", ""mirror"": false, ""outdoor"": ""none"", ""topology"": ""ff73b808dc93""}"
504,#22-103,L22,103,3R,3R-PT-A,db73e000a6be,65.1,"{""kitchen"": ""closed"", ""mirror"": false, ""outdoor"": ""none"", ""topology"": ""ff73b808dc93""}"
504,#02-105,L2,105,4R,4R-PT-C,24a63ac3eecc,93.8,"{""kitchen"": ""closed"", ""mirror"": false, ""outdoor"": ""ac_ledge"", ""topology"": ""e91b44c93845""}"
504,#03-105,L3,105,4R,4R-PT-C,24a63ac3eecc,93.8,"{""kitchen"": ""closed"", ""mirror"": false, ""outdoor"": ""ac_ledge"", ""topology"": ""e91b44c93845""}"
504,#04-105,L4,105,4R,4R-PT-C,24a63ac3eecc,93.8,"{""kitchen"": ""closed"", ""mirror"": false, ""outdoor"": ""ac_ledge"", ""topology"": ""e91b44c93845""}"
504,#05-105,L5,105,4R,4R-PT-C,24a63ac3eecc,93.8,"{""kitchen"": ""closed"", ""mirror"": false, ""outdoor"": ""ac_ledge"", ""topology"": ""e91b44c93845""}"
504,#06-105,L6,105,4R,4R-PT-C,24a63ac3eecc,93.8,"{""kitchen"": ""closed"", ""mirror"": false, ""outdoor"": ""ac_ledge"", ""topology"": ""e91b44c93845""}"
504,#07-105,L7,105,4R,4R-PT-C,24a63ac3eecc,93.8,"{""kitchen"": ""closed"", ""mirror"": false, ""outdoor"": ""ac_ledge"", ""topology"": ""e91b44c93845""}"
504,#08-105,L8,105,4R,4R-PT-C,24a63ac3eecc,93.8,"{""kitchen"": ""closed"", ""mirror"": false, ""outdoor"": ""ac_ledge"", ""topology"": ""e91b44c93845""}"
504,#09-105,L9,105,4R,4R-PT-C,24a63ac3eecc,93.8,"{""kitchen"": ""closed"", ""mirror"": false, ""outdoor"": ""ac_ledge"", ""topology"": ""e91b44c93845""}"
504,#10-105,L10,105,4R,4R-PT-C,24a63ac3eecc,93.8,"{""kitchen"": ""closed"", ""mirror"": false, ""outdoor"": ""ac_ledge"", ""topology"": ""e91b44c93845""}"
504,#11-105,L11,105,4R,4R-PT-C,24a63ac3eecc,93.8,"{""kitchen"": ""closed"", ""mirror"": false, ""outdoor"": ""ac_ledge"", ""topology"": ""e91b44c93845""}"
504,#12-105,L12,105,4R,4R-PT-C,24a63ac3eecc,93.8,"{""kitchen"": ""closed"", ""mirror"": false, ""outdoor"": ""ac_ledge"", ""topology"": ""e91b44c93845""}"
504,#13-105,L13,105,4R,4R-PT-C,24a63ac3eecc,93.8,"{""kitchen"": ""closed"", ""mirror"": false, ""outdoor"": ""ac_ledge"", ""topology"": ""e91b44c93845""}"
504,#14-105,L14,105,4R,4R-PT-C,24a63ac3eecc,93.8,"{""kitchen"": ""closed"", ""mirror"": false, ""outdoor"": ""ac_ledge"", ""topology"": ""e91b44c93845""}"
504,#15-105,L15,105,4R,4R-PT-C,24a63ac3eecc,93.8,"{""kitchen"": ""closed"", ""mirror"": false, ""outdoor"": ""ac_ledge"", ""topology"": ""e91b44c93845""}"
504,#16-105,L16,105,4R,4R-PT-C,24a63ac3eecc,93.8,"{""kitchen"": ""closed"", ""mirror"": false, ""outdoor"": ""ac_ledge"", ""topology"": ""e91b44c93845""}"
504,#17-105,L17,105,4R,4R-PT-C,24a63ac3eecc,93.8,"{""kitchen"": ""closed"", ""mirror"": false, ""outdoor"": ""ac_ledge"", ""topology"": ""e91b44c93845""}"
504,#18-105,L18,105,4R,4R-PT-C,24a63ac3eecc,93.8,"{""kitchen"": ""closed"", ""mirror"": false, ""outdoor"": ""ac_ledge"", ""topology"": ""e91b44c93845""}"
504,#19-105,L19,105,4R,4R-PT-C,24a63ac3eecc,93.8,"{""kitchen"": ""closed"", ""mirror"": false, ""outdoor"": ""ac_ledge"", ""topology"": ""e91b44c93845""}"
504,#20-105,L20,105,4R,4R-PT-C,24a63ac3eecc,93.8,"{""kitchen"": ""closed"", ""mirror"": false, ""outdoor"": ""ac_ledge"", ""topology"": ""e91b44c93845""}"
504,#21-105,L21,105,4R,4R-PT-C,24a63ac3eecc,93.8,"{""kitchen"": ""closed"", ""mirror"": false, ""outdoor"": ""ac_ledge"", ""topology"": ""e91b44c93845""}"
504,#22-105,L22,105,4R,4R-PT-C,24a63ac3eecc,93.8,"{""kitchen"": ""closed"", ""mirror"": false, ""outdoor"": ""ac_ledge"", ""topology"": ""e91b44c93845""}"
504,#02-107,L2,107,3R,3R-PT-A,69d1fe1940e3,66.0,"{""kitchen"": ""closed"", ""mirror"": false, ""outdoor"": ""ac_ledge"", ""topology"": ""ff73b808dc93""}"
504,#03-107,L3,107,3R,3R-PT-A,69d1fe1940e3,66.0,"{""kitchen"": ""closed"", ""mirror"": false, ""outdoor"": ""ac_ledge"", ""topology"": ""ff73b808dc93""}"
504,#04-107,L4,107,3R,3R-PT-A,69d1fe1940e3,66.0,"{""kitchen"": ""closed"", ""mirror"": false, ""outdoor"": ""ac_ledge"", ""topology"": ""ff73b808dc93""}"
504,#05-107,L5,107,3R,3R-PT-A,69d1fe1940e3,66.0,"{""kitchen"": ""closed"", ""mirror"": false, ""outdoor"": ""ac_ledge"", ""topology"": ""ff73b808dc93""}"
504,#06-107,L6,107,3R,3R-PT-A,69d1fe1940e3,66.0,"{""kitchen"": ""closed"", ""mirror"": false, ""outdoor"": ""ac_ledge"", ""topology"": ""ff73b808dc93""}"
504,#07-107,L7,107,3R,3R-PT-A,69d1fe1940e3,66.0,"{""kitchen"": ""closed"", ""mirror"": false, ""outdoor"": ""ac_ledge"", ""topology"": ""ff73b808dc93""}"
504,#08-107,L8,107,3R,3R-PT-A,69d1fe1940e3,66.0,"{""kitchen"": ""closed"", ""mirror"": false, ""outdoor"": ""ac_ledge"", ""topology"": ""ff73b808dc93""}"
504,#09-107,L9,107,3R,3R-PT-A,69d1fe1940e3,66.0,"{""kitchen"": ""closed"", ""mirror"": false, ""outdoor"": ""ac_ledge"", ""topology"": ""ff73b808dc93""}"
504,#10-107,L10,107,3R,3R-PT-A,69d1fe1940e3,66.0,"{""kitchen"": ""closed"", ""mirror"": false, ""outdoor"": ""ac_ledge"", ""topology"": ""ff73b808dc93""}"
504,#11-107,L11,107,3R,3R-PT-A,69d1fe1940e3,66.0,"{""kitchen"": ""closed"", ""mirror"": false, ""outdoor"": ""ac_ledge"", ""topology"": ""ff73b808dc93""}"
504,#12-107,L12,107,3R,3R-PT-A,69d1fe1940e3,66.0,"{""kitchen"": ""closed"", ""mirror"": false, ""outdoor"": ""ac_ledge"", ""topology"": ""ff73b808dc93""}"
504,#13-107,L13,107,3R,3R-PT-A,69d1fe1940e3,66.0,"{""kitchen"": ""closed"", ""mirror"": false, ""outdoor"": ""ac_ledge"", ""topology"": ""ff73b808dc93""}"
504,#14-107,L14,107,3R,3R-PT-A,69d1fe1940e3,66.0,"{""kitchen"": ""closed"", ""mirror"": false, ""outdoor"": ""ac_ledge"", ""topology"": ""ff73b808dc93""}"
504,#15-107,L15,107,3R,3R-PT-A,69d1fe1940e3,66.0,"{""kitchen"": ""closed"", ""mirror"": false, ""outdoor"": ""ac_ledge"", ""topology"": ""ff73b808dc93""}"
504,#16-107,L16,107,3R,3R-PT-A,69d1fe1940e3,66.0,"{""kitchen"": ""closed"", ""mirror"": false, ""outdoor"": ""ac_ledge"", ""topology"": ""ff73b808dc93""}"
504,#17-107,L17,107,3R,3R-PT-A,69d1fe1940e3,66.0,"{""kitchen"": ""closed"", ""mirror"": false, ""outdoor"": ""ac_ledge"", ""topology"": ""ff73b808dc93""}"
504,#18-107,L18,107,3R,3R-PT-A,69d1fe1940e3,66.0,"{""kitchen"": ""closed"", ""mirror"": false, ""outdoor"": ""ac_ledge"", ""topology"": ""ff73b808dc93""}"
504,#19-107,L19,107,3R,3R-PT-A,69d1fe1940e3,66.0,"{""kitchen"": ""closed"", ""mirror"": false, ""outdoor"": ""ac_ledge"", ""topology"": ""ff73b808dc93""}"
504,#20-107,L20,107,3R,3R-PT-A,69d1fe1940e3,66.0,"{""kitchen"": ""closed"", ""mirror"": false, ""outdoor"": ""ac_ledge"", ""topology"": ""ff73b808dc93""}"
504,#21-107,L21,107,3R,3R-PT-A,69d1fe1940e3,66.0,"{""kitchen"": ""closed"", ""mirror"": false, ""outdoor"": ""ac_ledge"", ""topology"": ""ff73b808dc93""}"
504,#22-107,L22,107,3R,3R-PT-A,69d1fe1940e3,66.0,"{""kitchen"": ""closed"", ""mirror"": false, ""outdoor"": ""ac_ledge"", ""topology"": ""ff73b808dc93""}"
505,#02-101,L2,101,4R,4R-PT-B,34e1e0bda2f5,91.5,"{""kitchen"": ""open"", ""mirror"": false, ""outdoor"": ""none"", ""topology"": ""9eb148e73401""}"
505,#03-101,L3,101,4R,4R-PT-B,34e1e0bda2f5,91.5,"{""kitchen"": ""open"", ""mirror"": false, ""outdoor"": ""none"", ""topology"": ""9eb148e73401""}"
505,#04-101,L4,101,4R,4R-PT-B,34e1e0bda2f5,91.5,"{""kitchen"": ""open"", ""mirror"": false, ""outdoor"": ""none"", ""topology"": ""9eb148e73401""}"
505,#05-101,L5,101,4R,4R-PT-B,34e1e0bda2f5,91.5,"{""kitchen"": ""open"", ""mirror"": false, ""outdoor"": ""none"", ""topology"": ""9eb148e73401""}"
505,#06-101,L6,101,4R,4R-PT-B,34e1e0bda2f5,91.5,"{""kitchen"": ""open"", ""mirror"": false, ""outdoor"": ""none"", ""topology"": ""9eb148e73401""}"
505,#07-101,L7,101,4R,4R-PT-B,34e1e0bda2f5,91.5,"{""kitchen"": ""open"", ""mirror"": false, ""outdoor"": ""none"", ""topology"": ""9eb148e73401""}"
505,#08-101,L8,101,4R,4R-PT-B,34e1e0bda2f5,91.5,"{""kitchen"": ""open"", ""mirror"": false, ""outdoor"": ""none"", ""topology"": ""9eb148e73401""}"
505,#09-101,L9,101,4R,4R-PT-B,34e1e0bda2f5,91.5,"{""kitchen"": ""open"", ""mirror"": false, ""outdoor"": ""none"", ""topology"": ""9eb148e73401""}"
505,#10-101,L10,101,4R,4R-PT-B,34e1e0bda2f5,91.5,"{""kitchen"": ""open"", ""mirror"": false, ""outdoor"": ""none"", ""topology"": ""9eb148e73401""}"
505,#11-101,L11,101,4R,4R-PT-B,34e1e0bda2f5,91.5,"{""kitchen"": ""open"", ""mirror"": false, ""outdoor"": ""none"", ""topology"": ""9eb148e73401""}"
505,#12-101,L12,101,4R,4R-PT-B,34e1e0bda2f5,91.5,"{""kitchen"": ""open"", ""mirror"": false, ""outdoor"": ""none"", ""topology"": ""9eb148e73401""}"
505,#13-101,L13,101,4R,4R-PT-B,34e1e0bda2f5,91.5,"{""kitchen"": ""open"", ""mirror"": false, ""outdoor"": ""none"", ""topology"": ""9eb148e73401""}"
505,#14-101,L14,101,4R,4R-PT-B,34e1e0bda2f5,91.5,"{""kitchen"": ""open"", ""mirror"": false, ""outdoor"": ""none"", ""topology"": ""9eb148e73401""}"
505,#15-101,L15,101,4R,4R-PT-B,34e1e0bda2f5,91.5,"{""kitchen"": ""open"", ""mirror"": false, ""outdoor"": ""none"", ""topology"": ""9eb148e73401""}"
505,#16-101,L16,101,4R,4R-PT-B,34e1e0bda2f5,91.5,"{""kitchen"": ""open"", ""mirror"": false, ""outdoor"": ""none"", ""topology"": ""9eb148e73401""}"
505,#17-101,L17,101,4R,4R-PT-B,34e1e0bda2f5,91.5,"{""kitchen"": ""open"", ""mirror"": false, ""outdoor"": ""none"", ""topology"": ""9eb148e73401""}"
505,#18-101,L18,101,4R,4R-PT-B,34e1e0bda2f5,91.5,"{""kitchen"": ""open"", ""mirror"": false, ""outdoor"": ""none"", ""topology"": ""9eb148e73401""}"
505,#19-101,L19,101,4R,4R-PT-B,34e1e0bda2f5,91.5,"{""kitchen"": ""open"", ""mirror"": false, ""outdoor"": ""none"", ""topology"": ""9eb148e73401""}"
505,#20-101,L20,101,4R,4R-PT-B,34e1e0bda2f5,91.5,"{""kitchen"": ""open"", ""mirror"": false, ""outdoor"": ""none"", ""topology"": ""9eb148e73401""}"
505,#21-101,L21,101,4R,4R-PT-B,34e1e0bda2f5,91.5,"{""kitchen"": ""open"", ""mirror"": false, ""outdoor"": ""none"", ""topology"": ""9eb148e73401""}"
505,#22-101,L22,101,4R,4R-PT-B,34e1e0bda2f5,91.5,"{""kitchen"": ""open"", ""mirror"": false, ""outdoor"": ""none"", ""topology"": ""9eb148e73401""}"
505,#23-101,L23,101,4R,4R-PT-B,34e1e0bda2f5,91.5,"{""kitchen"": ""open"", ""mirror"": false, ""outdoor"": ""none"", ""topology"": ""9eb148e73401""}"
505,#24-101,L24,101,4R,4R-PT-B,34e1e0bda2f5,91.5,"{""kitchen"": ""open"", ""mirror"": false, ""outdoor"": ""none"", ""topology"": ""9eb148e73401""}"
505,#25-101,L25,101,4R,4R-PT-B,34e1e0bda2f5,91.5,"{""kitchen"": ""open"", ""mirror"": false, ""outdoor"": ""none"", ""topology"": ""9eb148e73401""}"
505,#02-103,L2,103,4R,4R-PT-C,d152f2c7da13,92.4,"{""kitchen"": ""open"", ""mirror"": false, ""outdoor"": ""none"", ""topology"": ""e91b44c93845""}"
505,#03-103,L3,103,4R,4R-PT-C,d152f2c7da13,92.4,"{""kitchen"": ""open"", ""mirror"": false, ""outdoor"": ""none"", ""topology"": ""e91b44c93845""}"
505,#04-103,L4,103,4R,4R-PT-C,d152f2c7da13,92.4,"{""kitchen"": ""open"", ""mirror"": false, ""outdoor"": ""none"", ""topology"": ""e91b44c93845""}"
505,#05-103,L5,103,4R,4R-PT-C,d152f2c7da13,92.4,"{""kitchen"": ""open"", ""mirror"": false, ""outdoor"": ""none"", ""topology"": ""e91b44c93845""}"
505,#06-103,L6,103,4R,4R-PT-C,d152f2c7da13,92.4,"{""kitchen"": ""open"", ""mirror"": false, ""outdoor"": ""none"", ""topology"": ""e91b44c93845""}"
505,#07-103,L7,103,4R,4R-PT-C,d152f2c7da13,92.4,"{""kitchen"": ""open"", ""mirror"": false, ""outdoor"": ""none"", ""topology"": ""e91b44c93845""}"
505,#08-103,L8,103,4R,4R-PT-C,d152f2c7da13,92.4,"{""kitchen"": ""open"", ""mirror"": false, ""outdoor"": ""none"", ""topology"": ""e91b44c93845""}"
505,#09-103,L9,103,4R,4R-PT-C,d152f2c7da13,92.4,"{""kitchen"": ""open"", ""mirror"": false, ""outdoor"": ""none"", ""topology"": ""e91b44c93845""}"
505,#10-103,L10,103,4R,4R-PT-C,d152f2c7da13,92.4,"{""kitchen"": ""open"", ""mirror"": false, ""outdoor"": ""none"", ""topology"": ""e91b44c93845""}"
505,#11-103,L11,103,4R,4R-PT-C,d152f2c7da13,92.4,"{""kitchen"": ""open"", ""mirror"": false, ""outdoor"": ""none"", ""topology"": ""e91b44c93845""}"
505,#12-103,L12,103,4R,4R-PT-C,d152f2c7da13,92.4,"{""kitchen"": ""open"", ""mirror"": false, ""outdoor"": ""none"", ""topology"": ""e91b44c93845""}"
505,#13-103,L13,103,4R,4R-PT-C,d152f2c7da13,92.4,"{""kitchen"": ""open"", ""mirror"": false, ""outdoor"": ""none"", ""topology"": ""e91b44c93845""}"
505,#14-103,L14,103,4R,4R-PT-C,d152f2c7da13,92.4,"{""kitchen"": ""open"", ""mirror"": false, ""outdoor"": ""none"", ""topology"": ""e91b44c93845""}"
505,#15-103,L15,103,4R,4R-PT-C,d152f2c7da13,92.4,"{""kitchen"": ""open"", ""mirror"": false, ""outdoor"": ""none"", ""topology"": ""e91b44c93845""}"
505,#16-103,L16,103,4R,4R-PT-C,d152f2c7da13,92.4,"{""kitchen"": ""open"", ""mirror"": false, ""outdoor"": ""none"", ""topology"": ""e91b44c93845""}"
505,#17-103,L17,103,4R,4R-PT-C,d152f2c7da13,92.4,"{""kitchen"": ""open"", ""mirror"": false, ""outdoor"": ""none"", ""topology"": ""e91b44c93845""}"
505,#18-103,L18,103,4R,4R-PT-C,d152f2c7da13,92.4,"{""kitchen"": ""open"", ""mirror"": false, ""outdoor"": ""none"", ""topology"": ""e91b44c93845""}"
505,#19-103,L19,103,4R,4R-PT-C,d152f2c7da13,92.4,"{""kitchen"": ""open"", ""mirror"": false, ""outdoor"": ""none"", ""topology"": ""e91b44c93845""}"
505,#20-103,L20,103,4R,4R-PT-C,d152f2c7da13,92.4,"{""kitchen"": ""open"", ""mirror"": false, ""outdoor"": ""none"", ""topology"": ""e91b44c93845""}"
505,#21-103,L21,103,4R,4R-PT-C,d152f2c7da13,92.4,"{""kitchen"": ""open"", ""mirror"": false, ""outdoor"": ""none"", ""topology"": ""e91b44c93845""}"
505,#22-103,L22,103,4R,4R-PT-C,d152f2c7da13,92.4,"{""kitchen"": ""open"", ""mirror"": false, ""outdoor"": ""none"", ""topology"": ""e91b44c93845""}"
505,#23-103,L23,103,4R,4R-PT-C,d152f2c7da13,92.4,"{""kitchen"": ""open"", ""mirror"": false, ""outdoor"": ""none"", ""topology"": ""e91b44c93845""}"
505,#24-103,L24,103,4R,4R-PT-C,d152f2c7da13,92.4,"{""kitchen"": ""open"", ""mirror"": false, ""outdoor"": ""none"", ""topology"": ""e91b44c93845""}"
505,#25-103,L25,103,4R,4R-PT-C,d152f2c7da13,92.4,"{""kitchen"": ""open"", ""mirror"": false, ""outdoor"": ""none"", ""topology"": ""e91b44c93845""}"
505,#02-105,L2,105,4R,4R-PT-B,4de5ce9d17dd,93.0,"{""kitchen"": ""open"", ""mirror"": false, ""outdoor"": ""ac_ledge"", ""topology"": ""9eb148e73401""}"
505,#03-105,L3,105,4R,4R-PT-B,4de5ce9d17dd,93.0,"{""kitchen"": ""open"", ""mirror"": false, ""outdoor"": ""ac_ledge"", ""topology"": ""9eb148e73401""}"
505,#04-105,L4,105,4R,4R-PT-B,4de5ce9d17dd,93.0,"{""kitchen"": ""open"", ""mirror"": false, ""outdoor"": ""ac_ledge"", ""topology"": ""9eb148e73401""}"
505,#05-105,L5,105,4R,4R-PT-B,4de5ce9d17dd,93.0,"{""kitchen"": ""open"", ""mirror"": false, ""outdoor"": ""ac_ledge"", ""topology"": ""9eb148e73401""}"
505,#06-105,L6,105,4R,4R-PT-B,4de5ce9d17dd,93.0,"{""kitchen"": ""open"", ""mirror"": false, ""outdoor"": ""ac_ledge"", ""topology"": ""9eb148e73401""}"
505,#07-105,L7,105,4R,4R-PT-B,4de5ce9d17dd,93.0,"{""kitchen"": ""open"", ""mirror"": false, ""outdoor"": ""ac_ledge"", ""topology"": ""9eb148e73401""}"
505,#08-105,L8,105,4R,4R-PT-B,4de5ce9d17dd,93.0,"{""kitchen"": ""open"", ""mirror"": false, ""outdoor"": ""ac_ledge"", ""topology"": ""9eb148e73401""}"
505,#09-105,L9,105,4R,4R-PT-B,4de5ce9d17dd,93.0,"{""kitchen"": ""open"", ""mirror"": false, ""outdoor"": ""ac_ledge"", ""topology"": ""9eb148e73401""}"
505,#10-105,L10,105,4R,4R-PT-B,4de5ce9d17dd,93.0,"{""kitchen"": ""open"", ""mirror"": false, ""outdoor"": ""ac_ledge"", ""topology"": ""9eb148e73401""}"
505,#11-105,L11,105,4R,4R-PT-B,4de5ce9d17dd,93.0,"{""kitchen"": ""open"", ""mirror"": false, ""outdoor"": ""ac_ledge"", ""topology"": ""9eb148e73401""}"
505,#12-105,L12,105,4R,4R-PT-B,4de5ce9d17dd,93.0,"{""kitchen"": ""open"", ""mirror"": false, ""outdoor"": ""ac_ledge"", ""topology"": ""9eb148e73401""}"
505,#13-105,L13,105,4R,4R-PT-B,4de5ce9d17dd,93.0,"{""kitchen"": ""open"", ""mirror"": false, ""outdoor"": ""ac_ledge"", ""topology"": ""9eb148e73401""}"
505,#14-105,L14,105,4R,4R-PT-B,4de5ce9d17dd,93.0,"{""kitchen"": ""open"", ""mirror"": false, ""outdoor"": ""ac_ledge"", ""topology"": ""9eb148e73401""}"
505,#15-105,L15,105,4R,4R-PT-B,4de5ce9d17dd,93.0,"{""kitchen"": ""open"", ""mirror"": false, ""outdoor"": ""ac_ledge"", ""topology"": ""9eb148e73401""}"
505,#16-105,L16,105,4R,4R-PT-B,4de5ce9d17dd,93.0,"{""kitchen"": ""open"", ""mirror"": false, ""outdoor"": ""ac_ledge"", ""topology"": ""9eb148e73401""}"
505,#17-105,L17,105,4R,4R-PT-B,4de5ce9d17dd,93.0,"{""kitchen"": ""open"", ""mirror"": false, ""outdoor"": ""ac_ledge"", ""topology"": ""9eb148e73401""}"
505,#18-105,L18,105,4R,4R-PT-B,4de5ce9d17dd,93.0,"{""kitchen"": ""open"", ""mirror"": false, ""outdoor"": ""ac_ledge"", ""topology"": ""9eb148e73401""}"
505,#19-105,L19,105,4R,4R-PT-B,4de5ce9d17dd,93.0,"{""kitchen"": ""open"", ""mirror"": false, ""outdoor"": ""ac_ledge"", ""topology"": ""9eb148e73401""}"
505,#20-105,L20,105,4R,4R-PT-B,4de5ce9d17dd,93.0,"{""kitchen"": ""open"", ""mirror"": false, ""outdoor"": ""ac_ledge"", ""topology"": ""9eb148e73401""}"
505,#21-105,L21,105,4R,4R-PT-B,4de5ce9d17dd,93.0,"{""kitchen"": ""open"", ""mirror"": false, ""outdoor"": ""ac_ledge"", ""topology"": ""9eb148e73401""}"
505,#22-105,L22,105,4R,4R-PT-B,4de5ce9d17dd,93.0,"{""kitchen"": ""open"", ""mirror"": false, ""outdoor"": ""ac_ledge"", ""topology"": ""9eb148e73401""}"
505,#23-105,L23,105,4R,4R-PT-B,4de5ce9d17dd,93.0,"{""kitchen"": ""open"", ""mirror"": false, ""outdoor"": ""ac_ledge"", ""topology"": ""9eb148e73401""}"
505,#24-105,L24,105,4R,4R-PT-B,4de5ce9d17dd,93.0,"{""kitchen"": ""open"", ""mirror"": false, ""outdoor"": ""ac_ledge"", ""topology"": ""9eb148e73401""}"
505,#25-105,L25,105,4R,4R-PT-B,4de5ce9d17dd,93.0,"{""kitchen"": ""open"", ""mirror"": false, ""outdoor"": ""ac_ledge"", ""topology"": ""9eb148e73401""}"
505,#02-107,L2,107,4R,4R-PT-C,d152f2c7da13,92.4,"{""kitchen"": ""open"", ""mirror"": false, ""outdoor"": ""none"", ""topology"": ""e91b44c93845""}"
505,#03-107,L3,107,4R,4R-PT-C,d152f2c7da13,92.4,"{""kitchen"": ""open"", ""mirror"": false, ""outdoor"": ""none"", ""topology"": ""e91b44c93845""}"
505,#04-107,L4,107,4R,4R-PT-C,d152f2c7da13,92.4,"{""kitchen"": ""open"", ""mirror"": false, ""outdoor"": ""none"", ""topology"": ""e91b44c93845""}"
505,#05-107,L5,107,4R,4R-PT-C,d152f2c7da13,92.4,"{""kitchen"": ""open"", ""mirror"": false, ""outdoor"": ""none"", ""topology"": ""e91b44c93845""}"
505,#06-107,L6,107,4R,4R-PT-C,d152f2c7da13,92.4,"{""kitchen"": ""open"", ""mirror"": false, ""outdoor"": ""none"", ""topology"": ""e91b44c93845""}"
505,#07-107,L7,107,4R,4R-PT-C,d152f2c7da13,92.4,"{""kitchen"": ""open"", ""mirror"": false, ""outdoor"": ""none"", ""topology"": ""e91b44c93845""}"
505,#08-107,L8,107,4R,4R-PT-C,d152f2c7da13,92.4,"{""kitchen"": ""open"", ""mirror"": false, ""outdoor"": ""none"", ""topology"": ""e91b44c93845""}"
505,#09-107,L9,107,4R,4R-PT-C,d152f2c7da13,92.4,"{""kitchen"": ""open"", ""mirror"": false, ""outdoor"": ""none"", ""topology"": ""e91b44c93845""}"
505,#10-107,L10,107,4R,4R-PT-C,d152f2c7da13,92.4,"{""kitchen"": ""open"", ""mirror"": false, ""outdoor"": ""none"", ""topology"": ""e91b44c93845""}"
505,#11-107,L11,107,4R,4R-PT-C,d152f2c7da13,92.4,"{""kitchen"": ""open"", ""mirror"": false, ""outdoor"": ""none"", ""topology"": ""e91b44c93845""}"
505,#12-107,L12,107,4R,4R-PT-C,d152f2c7da13,92.4,"{""kitchen"": ""open"", ""mirror"": false, ""outdoor"": ""none"", ""topology"": ""e91b44c93845""}"
505,#13-107,L13,107,4R,4R-PT-C,d152f2c7da13,92.4,"{""kitchen"": ""open"", ""mirror"": false, ""outdoor"": ""none"", ""topology"": ""e91b44c93845""}"
505,#14-107,L14,107,4R,4R-PT-C,d152f2c7da13,92.4,"{""kitchen"": ""open"", ""mirror"": false, ""outdoor"": ""none"", ""topology"": ""e91b44c93845""}"
505,#15-107,L15,107,4R,4R-PT-C,d152f2c7da13,92.4,"{""kitchen"": ""open"", ""mirror"": false, ""outdoor"": ""none"", ""topology"": ""e91b44c93845""}"
505,#16-107,L16,107,4R,4R-PT-C,d152f2c7da13,92.4,"{""kitchen"": ""open"", ""mirror"": false, ""outdoor"": ""none"", ""topology"": ""e91b44c93845""}"
505,#17-107,L17,107,4R,4R-PT-C,d152f2c7da13,92.4,"{""kitchen"": ""open"", ""mirror"": false, ""outdoor"": ""none"", ""topology"": ""e91b44c93845""}"
505,#18-107,L18,107,4R,4R-PT-C,d152f2c7da13,92.4,"{""kitchen"": ""open"", ""mirror"": false, ""outdoor"": ""none"", ""topology"": ""e91b44c93845""}"
505,#19-107,L19,107,4R,4R-PT-C,d152f2c7da13,92.4,"{""kitchen"": ""open"", ""mirror"": false, ""outdoor"": ""none"", ""topology"": ""e91b44c93845""}"
505,#20-107,L20,107,4R,4R-PT-C,d152f2c7da13,92.4,"{""kitchen"": ""open"", ""mirror"": false, ""outdoor"": ""none"", ""topology"": ""e91b44c93845""}"
505,#21-107,L21,107,4R,4R-PT-C,d152f2c7da13,92.4,"{""kitchen"": ""open"", ""mirror"": false, ""outdoor"": ""none"", ""topology"": ""e91b44c93845""}"
505,#22-107,L22,107,4R,4R-PT-C,d152f2c7da13,92.4,"{""kitchen"": ""open"", ""mirror"": false, ""outdoor"": ""none"", ""topology"": ""e91b44c93845""}"
505,#23-107,L23,107,4R,4R-PT-C,d152f2c7da13,92.4,"{""kitchen"": ""open"", ""mirror"": false, ""outdoor"": ""none"", ""topology"": ""e91b44c93845""}"
505,#24-107,L24,107,4R,4R-PT-C,d152f2c7da13,92.4,"{""kitchen"": ""open"", ""mirror"": false, ""outdoor"": ""none"", ""topology"": ""e91b44c93845""}"
505,#25-107,L25,107,4R,4R-PT-C,d152f2c7da13,92.4,"{""kitchen"": ""open"", ""mirror"": false, ""outdoor"": ""none"", ""topology"": ""e91b44c93845""}"
506,#02-101,L2,101,4R,4R-PT-C,ced46248ae09,93.8,"{""kitchen"": ""open"", ""mirror"": false, ""outdoor"": ""ac_ledge"", ""topology"": ""e91b44c93845""}"
506,#03-101,L3,101,4R,4R-PT-C,ced46248ae09,93.8,"{""kitchen"": ""open"", ""mirror"": false, ""outdoor"": ""ac_ledge"", ""topology"": ""e91b44c93845""}"
506,#04-101,L4,101,4R,4R-PT-C,ced46248ae09,93.8,"{""kitchen"": ""open"", ""mirror"": false, ""outdoor"": ""ac_ledge"", ""topology"": ""e91b44c93845""}"
506,#05-101,L5,101,4R,4R-PT-C,ced46248ae09,93.8,"{""kitchen"": ""open"", ""mirror"": false, ""outdoor"": ""ac_ledge"", ""topology"": ""e91b44c93845""}"
506,#06-101,L6,101,4R,4R-PT-C,ced46248ae09,93.8,"{""kitchen"": ""open"", ""mirror"": false, ""outdoor"": ""ac_ledge"", ""topology"": ""e91b44c93845""}"
506,#07-101,L7,101,4R,4R-PT-C,ced46248ae09,93.8,"{""kitchen"": ""open"", ""mirror"": false, ""outdoor"": ""ac_ledge"", ""topology"": ""e91b44c93845""}"
506,#08-101,L8,101,4R,4R-PT-C,ced46248ae09,93.8,"{""kitchen"": ""open"", ""mirror"": false, ""outdoor"": ""ac_ledge"", ""topology"": ""e91b44c93845""}"
506,#09-101,L9,101,4R,4R-PT-C,ced46248ae09,93.8,"{""kitchen"": ""open"", ""mirror"": false, ""outdoor"": ""ac_ledge"", ""topology"": ""e91b44c93845""}"
506,#10-101,L10,101,4R,4R-PT-C,ced46248ae09,93.8,"{""kitchen"": ""open"", ""mirror"": false, ""outdoor"": ""ac_ledge"", ""topology"": ""e91b44c93845""}"
506,#11-101,L11,101,4R,4R-PT-C,ced46248ae09,93.8,"{""kitchen"": ""open"", ""mirror"": false, ""outdoor"": ""ac_ledge"", ""topology"": ""e91b44c93845""}"
506,#12-101,L12,101,4R,4R-PT-C,ced46248ae09,93.8,"{""kitchen"": ""open"", ""mirror"": false, ""outdoor"": ""ac_ledge"", ""topology"": ""e91b44c93845""}"
506,#13-101,L13,101,4R,4R-PT-C,ced46248ae09,93.8,"{""kitchen"": ""open"", ""mirror"": false, ""outdoor"": ""ac_ledge"", ""topology"": ""e91b44c93845""}"
506,#14-101,L14,101,4R,4R-PT-C,ced46248ae09,93.8,"{""kitchen"": ""open"", ""mirror"": false, ""outdoor"": ""ac_ledge"", ""topology"": ""e91b44c93845""}"
506,#15-101,L15,101,4R,4R-PT-C,ced46248ae09,93.8,"{""kitchen"": ""open"", ""mirror"": false, ""outdoor"": ""ac_ledge"", ""topology"": ""e91b44c93845""}"
506,#16-101,L16,101,4R,4R-PT-C,ced46248ae09,93.8,"{""kitchen"": ""open"", ""mirror"": false, ""outdoor"": ""ac_ledge"", ""topology"": ""e91b44c93845""}"
506,#17-101,L17,101,4R,4R-PT-C,ced46248ae09,93.8,"{""kitchen"": ""open"", ""mirror"": false, ""outdoor"": ""ac_ledge"", ""topology"": ""e91b44c93845""}"
506,#18-101,L18,101,4R,4R-PT-C,ced46248ae09,93.8,"{""kitchen"": ""open"", ""mirror"": false, ""outdoor"": ""ac_ledge"", ""topology"": ""e91b44c93845""}"
506,#19-101,L19,101,4R,4R-PT-C,ced46248ae09,93.8,"{""kitchen"": ""open"", ""mirror"": false, ""outdoor"": ""ac_ledge"", ""topology"": ""e91b44c93845""}"
506,#20-101,L20,101,4R,4R-PT-C,ced46248ae09,93.8,"{""kitchen"": ""open"", ""mirror"": false, ""outdoor"": ""ac_ledge"", ""topology"": ""e91b44c93845""}"
506,#21-101,L21,101,4R,4R-PT-C,ced46248ae09,93.8,"{""kitchen"": ""open"", ""mirror"": false, ""outdoor"": ""ac_ledge"", ""topology"": ""e91b44c93845""}"
506,#22-101,L22,101,4R,4R-PT-C,ced46248ae09,93.8,"{""kitchen"": ""open"", ""mirror"": false, ""outdoor"": ""ac_ledge"", ""topology"": ""e91b44c93845""}"
506,#23-101,L23,101,4R,4R-PT-C,ced46248ae09,93.8,"{""kitchen"": ""open"", ""mirror"": false, ""outdoor"": ""ac_ledge"", ""topology"": ""e91b44c93845""}"
506,#24-101,L24,101,4R,4R-PT-C,ced46248ae09,93.8,"{""kitchen"": ""open"", ""mirror"": false, ""outdoor"": ""ac_ledge"", ""topology"": ""e91b44c93845""}"
506,#25-101,L25,101,4R,4R-PT-C,ced46248ae09,93.8,"{""kitchen"": ""open"", ""mirror"": false, ""outdoor"": ""ac_ledge"", ""topology"": ""e91b44c93845""}"
506,#02-103,L2,103,5R,5R-PT-A,3cff042e19e8,110.0,"{""kitchen"": ""closed"", ""mirror"": false, ""outdoor"": ""none"", ""topology"": ""fec5a000ebcd""}"
506,#03-103,L3,103,5R,5R-PT-A,3cff042e19e8,110.0,"{""kitchen"": ""closed"", ""mirror"": false, ""outdoor"": ""none"", ""topology"": ""fec5a000ebcd""}"
506,#04-103,L4,103,5R,5R-PT-A,3cff042e19e8,110.0,"{""kitchen"": ""closed"", ""mirror"": false, ""outdoor"": ""none"", ""topology"": ""fec5a000ebcd""}"
506,#05-103,L5,103,5R,5R-PT-A,3cff042e19e8,110.0,"{""kitchen"": ""closed"", ""mirror"": false, ""outdoor"": ""none"", ""topology"": ""fec5a000ebcd""}"
506,#06-103,L6,103,5R,5R-PT-A,3cff042e19e8,110.0,"{""kitchen"": ""closed"", ""mirror"": false, ""outdoor"": ""none"", ""topology"": ""fec5a000ebcd""}"
506,#07-103,L7,103,5R,5R-PT-A,3cff042e19e8,110.0,"{""kitchen"": ""closed"", ""mirror"": false, ""outdoor"": ""none"", ""topology"": ""fec5a000ebcd""}"
506,#08-103,L8,103,5R,5R-PT-A,3cff042e19e8,110.0,"{""kitchen"": ""closed"", ""mirror"": false, ""outdoor"": ""none"", ""topology"": ""fec5a000ebcd""}"
506,#09-103,L9,103,5R,5R-PT-A,3cff042e19e8,110.0,"{""kitchen"": ""closed"", ""mirror"": false, ""outdoor"": ""none"", ""topology"": ""fec5a000ebcd""}"
506,#10-103,L10,103,5R,5R-PT-A,3cff042e19e8,110.0,"{""kitchen"": ""closed"", ""mirror"": false, ""outdoor"": ""none"", ""topology"": ""fec5a000ebcd""}"
506,#11-103,L11,103,5R,5R-PT-A,3cff042e19e8,110.0,"{""kitchen"": ""closed"", ""mirror"": false, ""outdoor"": ""none"", ""topology"": ""fec5a000ebcd""}"
506,#12-103,L12,103,5R,5R-PT-A,3cff042e19e8,110.0,"{""kitchen"": ""closed"", ""mirror"": false, ""outdoor"": ""none"", ""topology"": ""fec5a000ebcd""}"
506,#13-103,L13,103,5R,5R-PT-A,3cff042e19e8,110.0,"{""kitchen"": ""closed"", ""mirror"": false, ""outdoor"": ""none"", ""topology"": ""fec5a000ebcd""}"
506,#14-103,L14,103,5R,5R-PT-A,3cff042e19e8,110.0,"{""kitchen"": ""closed"", ""mirror"": false, ""outdoor"": ""none"", ""topology"": ""fec5a000ebcd""}"
506,#15-103,L15,103,5R,5R-PT-A,3cff042e19e8,110.0,"{""kitchen"": ""closed"", ""mirror"": false, ""outdoor"": ""none"", ""topology"": ""fec5a000ebcd""}"
506,#16-103,L16,103,5R,5R-PT-A,3cff042e19e8,110.0,"{""kitchen"": ""closed"", ""mirror"": false, ""outdoor"": ""none"", ""topology"": ""fec5a000ebcd""}"
506,#17-103,L17,103,5R,5R-PT-A,3cff042e19e8,110.0,"{""kitchen"": ""closed"", ""mirror"": false, ""outdoor"": ""none"", ""topology"": ""fec5a000ebcd""}"
506,#18-103,L18,103,5R,5R-PT-A,3cff042e19e8,110.0,"{""kitchen"": ""closed"", ""mirror"": false, ""outdoor"": ""none"", ""topology"": ""fec5a000ebcd""}"
506,#19-103,L19,103,5R,5R-PT-A,3cff042e19e8,110.0,"{""kitchen"": ""closed"", ""mirror"": false, ""outdoor"": ""none"", ""topology"": ""fec5a000ebcd""}"
506,#20-103,L20,103,5R,5R-PT-A,3cff042e19e8,110.0,"{""kitchen"": ""closed"", ""mirror"": false, ""outdoor"": ""none"", ""topology"": ""fec5a000ebcd""}"
506,#21-103,L21,103,5R,5R-PT-A,3cff042e19e8,110.0,"{""kitchen"": ""closed"", ""mirror"": false, ""outdoor"": ""none"", ""topology"": ""fec5a000ebcd""}"
506,#22-103,L22,103,5R,5R-PT-A,3cff042e19e8,110.0,"{""kitchen"": ""closed"", ""mirror"": false, ""outdoor"": ""none"", ""topology"": ""fec5a000ebcd""}"
506,#23-103,L23,103,5R,5R-PT-A,3cff042e19e8,110.0,"{""kitchen"": ""closed"", ""mirror"": false, ""outdoor"": ""none"", ""topology"": ""fec5a000ebcd""}"
506,#24-103,L24,103,5R,5R-PT-A,3cff042e19e8,110.0,"{""kitchen"": ""closed"", ""mirror"": false, ""outdoor"": ""none"", ""topology"": ""fec5a000ebcd""}"
506,#25-103,L25,103,5R,5R-PT-A,3cff042e19e8,110.0,"{""kitchen"": ""closed"", ""mirror"": false, ""outdoor"": ""none"", ""topology"": ""fec5a000ebcd""}"
506,#02-105,L2,105,4R,4R-PT-B,4de5ce9d17dd,93.0,"{""kitchen"": ""open"", ""mirror"": false, ""outdoor"": ""ac_ledge"", ""topology"": ""9eb148e73401""}"
506,#03-105,L3,105,4R,4R-PT-B,4de5ce9d17dd,93.0,"{""kitchen"": ""open"", ""mirror"": false, ""outdoor"": ""ac_ledge"", ""topology"": ""9eb148e73401""}"
506,#04-105,L4,105,4R,4R-PT-B,4de5ce9d17dd,93.0,"{""kitchen"": ""open"", ""mirror"": false, ""outdoor"": ""ac_ledge"", ""topology"": ""9eb148e73401""}"
506,#05-105,L5,105,4R,4R-PT-B,4de5ce9d17dd,93.0,"{""kitchen"": ""open"", ""mirror"": false, ""outdoor"": ""ac_ledge"", ""topology"": ""9eb148e73401""}"
506,#06-105,L6,105,4R,4R-PT-B,4de5ce9d17dd,93.0,"{""kitchen"": ""open"", ""mirror"": false, ""outdoor"": ""ac_ledge"", ""topology"": ""9eb148e73401""}"
506,#07-105,L7,105,4R,4R-PT-B,4de5ce9d17dd,93.0,"{""kitchen"": ""open"", ""mirror"": false, ""outdoor"": ""ac_ledge"", ""topology"": ""9eb148e73401""}"
506,#08-105,L8,105,4R,4R-PT-B,4de5ce9d17dd,93.0,"{""kitchen"": ""open"", ""mirror"": false, ""outdoor"": ""ac_ledge"", ""topology"": ""9eb148e73401""}"
506,#09-105,L9,105,4R,4R-PT-B,4de5ce9d17dd,93.0,"{""kitchen"": ""open"", ""mirror"": false, ""outdoor"": ""ac_ledge"", ""topology"": ""9eb148e73401""}"
506,#10-105,L10,105,4R,4R-PT-B,4de5ce9d17dd,93.0,"{""kitchen"": ""open"", ""mirror"": false, ""outdoor"": ""ac_ledge"", ""topology"": ""9eb148e73401""}"
506,#11-105,L11,105,4R,4R-PT-B,4de5ce9d17dd,93.0,"{""kitchen"": ""open"", ""mirror"": false, ""outdoor"": ""ac_ledge"", ""topology"": ""9eb148e73401""}"
506,#12-105,L12,105,4R,4R-PT-B,4de5ce9d17dd,93.0,"{""kitchen"": ""open"", ""mirror"": false, ""outdoor"": ""ac_ledge"", ""topology"": ""9eb148e73401""}"
506,#13-105,L13,105,4R,4R-PT-B,4de5ce9d17dd,93.0,"{""kitchen"": ""open"", ""mirror"": false, ""outdoor"": ""ac_ledge"", ""topology"": ""9eb148e73401""}"
506,#14-105,L14,105,4R,4R-PT-B,4de5ce9d17dd,93.0,"{""kitchen"": ""open"", ""mirror"": false, ""outdoor"": ""ac_ledge"", ""topology"": ""9eb148e73401""}"
506,#15-105,L15,105,4R,4R-PT-B,4de5ce9d17dd,93.0,"{""kitchen"": ""open"", ""mirror"": false, ""outdoor"": ""ac_ledge"", ""topology"": ""9eb148e73401""}"
506,#16-105,L16,105,4R,4R-PT-B,4de5ce9d17dd,93.0,"{""kitchen"": ""open"", ""mirror"": false, ""outdoor"": ""ac_ledge"", ""topology"": ""9eb148e73401""}"
506,#17-105,L17,105,4R,4R-PT-B,4de5ce9d17dd,93.0,"{""kitchen"": ""open"", ""mirror"": false, ""outdoor"": ""ac_ledge"", ""topology"": ""9eb148e73401""}"
506,#18-105,L18,105,4R,4R-PT-B,4de5ce9d17dd,93.0,"{""kitchen"": ""open"", ""mirror"": false, ""outdoor"": ""ac_ledge"", ""topology"": ""9eb148e73401""}"
506,#19-105,L19,105,4R,4R-PT-B,4de5ce9d17dd,93.0,"{""kitchen"": ""open"", ""mirror"": false, ""outdoor"": ""ac_ledge"", ""topology"": ""9eb148e73401""}"
506,#20-105,L20,105,4R,4R-PT-B,4de5ce9d17dd,93.0,"{""kitchen"": ""open"", ""mirror"": false, ""outdoor"": ""ac_ledge"", ""topology"": ""9eb148e73401""}"
506,#21-105,L21,105,4R,4R-PT-B,4de5ce9d17dd,93.0,"{""kitchen"": ""open"", ""mirror"": false, ""outdoor"": ""ac_ledge"", ""topology"": ""9eb148e73401""}"
506,#22-105,L22,105,4R,4R-PT-B,4de5ce9d17dd,93.0,"{""kitchen"": ""open"", ""mirror"": false, ""outdoor"": ""ac_ledge"", ""topology"": ""9eb148e73401""}"
506,#23-105,L23,105,4R,4R-PT-B,4de5ce9d17dd,93.0,"{""kitchen"": ""open"", ""mirror"": false, ""outdoor"": ""ac_ledge"", ""topology"": ""9eb148e73401""}"
506,#24-105,L24,105,4R,4R-PT-B,4de5ce9d17dd,93.0,"{""kitchen"": ""open"", ""mirror"": false, ""outdoor"": ""ac_ledge"", ""topology"": ""9eb148e73401""}"
506,#25-105,L25,105,4R,4R-PT-B,4de5ce9d17dd,93.0,"{""kitchen"": ""open"", ""mirror"": false, ""outdoor"": ""ac_ledge"", ""topology"": ""9eb148e73401""}"
506,#02-107,L2,107,5R,5R-PT-A,e60428d6a934,111.4,"{""kitchen"": ""open"", ""mirror"": false, ""outdoor"": ""ac_ledge"", ""topology"": ""0f43eb1a42cf""}"
506,#03-107,L3,107,5R,5R-PT-A,e60428d6a934,111.4,"{""kitchen"": ""open"", ""mirror"": false, ""outdoor"": ""ac_ledge"", ""topology"": ""0f43eb1a42cf""}"
506,#04-107,L4,107,5R,5R-PT-A,e60428d6a934,111.4,"{""kitchen"": ""open"", ""mirror"": false, ""outdoor"": ""ac_ledge"", ""topology"": ""0f43eb1a42cf""}"
506,#05-107,L5,107,5R,5R-PT-A,e60428d6a934,111.4,"{""kitchen"": ""open"", ""mirror"": false, ""outdoor"": ""ac_ledge"", ""topology"": ""0f43eb1a42cf""}"
506,#06-107,L6,107,5R,5R-PT-A,e60428d6a934,111.4,"{""kitchen"": ""open"", ""mirror"": false, ""outdoor"": ""ac_ledge"", ""topology"": ""0f43eb1a42cf""}"
506,#07-107,L7,107,5R,5R-PT-A,e60428d6a934,111.4,"{""kitchen"": ""open"", ""mirror"": false, ""outdoor"": ""ac_ledge"", ""topology"": ""0f43eb1a42cf""}"
506,#08-107,L8,107,5R,5R-PT-A,e60428d6a934,111.4,"{""kitchen"": ""open"", ""mirror"": false, ""outdoor"": ""ac_ledge"", ""topology"": ""0f43eb1a42cf""}"
506,#09-107,L9,107,5R,5R-PT-A,e60428d6a934,111.4,"{""kitchen"": ""open"", ""mirror"": false, ""outdoor"": ""ac_ledge"", ""topology"": ""0f43eb1a42cf""}"
506,#10-107,L10,107,5R,5R-PT-A,e60428d6a934,111.4,"{""kitchen"": ""open"", ""mirror"": false, ""outdoor"": ""ac_ledge"", ""topology"": ""0f43eb1a42cf""}"
506,#11-107,L11,107,5R,5R-PT-A,e60428d6a934,111.4,"{""kitchen"": ""open"", ""mirror"": false, ""outdoor"": ""ac_ledge"", ""topology"": ""0f43eb1a42cf""}"
506,#12-107,L12,107,5R,5R-PT-A,e60428d6a934,111.4,"{""kitchen"": ""open"", ""mirror"": false, ""outdoor"": ""ac_ledge"", ""topology"": ""0f43eb1a42cf""}"
506,#13-107,L13,107,5R,5R-PT-A,e60428d6a934,111.4,"{""kitchen"": ""open"", ""mirror"": false, ""outdoor"": ""ac_ledge"", ""topology"": ""0f43eb1a42cf""}"
506,#14-107,L14,107,5R,5R-PT-A,e60428d6a934,111.4,"{""kitchen"": ""open"", ""mirror"": false, ""outdoor"": ""ac_ledge"", ""topology"": ""0f43eb1a42cf""}"
506,#15-107,L15,107,5R,5R-PT-A,e60428d6a934,111.4,"{""kitchen"": ""open"", ""mirror"": false, ""outdoor"": ""ac_ledge"", ""topology"": ""0f43eb1a42cf""}"
506,#16-107,L16,107,5R,5R-PT-A,e60428d6a934,111.4,"{""kitchen"": ""open"", ""mirror"": false, ""outdoor"": ""ac_ledge"", ""topology"": ""0f43eb1a42cf""}"
506,#17-107,L17,107,5R,5R-PT-A,e60428d6a934,111.4,"{""kitchen"": ""open"", ""mirror"": false, ""outdoor"": ""ac_ledge"", ""topology"": ""0f43eb1a42cf""}"
506,#18-107,L18,107,5R,5R-PT-A,e60428d6a934,111.4,"{""kitchen"": ""open"", ""mirror"": false, ""outdoor"": ""ac_ledge"", ""topology"": ""0f43eb1a42cf""}"
506,#19-107,L19,107,5R,5R-PT-A,e60428d6a934,111.4,"{""kitchen"": ""open"", ""mirror"": false, ""outdoor"": ""ac_ledge"", ""topology"": ""0f43eb1a42cf""}"
506,#20-107,L20,107,5R,5R-PT-A,e60428d6a934,111.4,"{""kitchen"": ""open"", ""mirror"": false, ""outdoor"": ""ac_ledge"", ""topology"": ""0f43eb1a42cf""}"
506,#21-107,L21,107,5R,5R-PT-A,e60428d6a934,111.4,"{""kitchen"": ""open"", ""mirror"": false, ""outdoor"": ""ac_ledge"", ""topology"": ""0f43eb1a42cf""}"
506,#22-107,L22,107,5R,5R-PT-A,e60428d6a934,111.4,"{""kitchen"": ""open"", ""mirror"": false, ""outdoor"": ""ac_ledge"", ""topology"": ""0f43eb1a42cf""}"
506,#23-107,L23,107,5R,5R-PT-A,e60428d6a934,111.4,"{""kitchen"": ""open"", ""mirror"": false, ""outdoor"": ""ac_ledge"", ""topology"": ""0f43eb1a42cf""}"
506,#24-107,L24,107,5R,5R-PT-A,e60428d6a934,111.4,"{""kitchen"": ""open"", ""mirror"": false, ""outdoor"": ""ac_ledge"", ""topology"": ""0f43eb1a42cf""}"
506,#25-107,L25,107,5R,5R-PT-A,e60428d6a934,111.4,"{""kitchen"": ""open"", ""mirror"": false, ""outdoor"": ""ac_ledge"", ""topology"": ""0f43eb1a42cf""}"
507,#02-101,L2,101,2RF,2RF47-S,5400567be4bb,47.4,"{""kitchen"": ""closed"", ""mechanical_vent"": [""BA""], ""mirror"": true, ""outdoor"": ""ac_ledge"", ""topology"": ""65dee422c2a3""}"
507,#03-101,L3,101,2RF,2RF47-S,5400567be4bb,47.4,"{""kitchen"": ""closed"", ""mechanical_vent"": [""BA""], ""mirror"": true, ""outdoor"": ""ac_ledge"", ""topology"": ""65dee422c2a3""}"
507,#04-101,L4,101,2RF,2RF47-S,5400567be4bb,47.4,"{""kitchen"": ""closed"", ""mechanical_vent"": [""BA""], ""mirror"": true, ""outdoor"": ""ac_ledge"", ""topology"": ""65dee422c2a3""}"
507,#05-101,L5,101,2RF,2RF47-S,5400567be4bb,47.4,"{""kitchen"": ""closed"", ""mechanical_vent"": [""BA""], ""mirror"": true, ""outdoor"": ""ac_ledge"", ""topology"": ""65dee422c2a3""}"
507,#06-101,L6,101,2RF,2RF47-S,5400567be4bb,47.4,"{""kitchen"": ""closed"", ""mechanical_vent"": [""BA""], ""mirror"": true, ""outdoor"": ""ac_ledge"", ""topology"": ""65dee422c2a3""}"
507,#07-101,L7,101,2RF,2RF47-S,5400567be4bb,47.4,"{""kitchen"": ""closed"", ""mechanical_vent"": [""BA""], ""mirror"": true, ""outdoor"": ""ac_ledge"", ""topology"": ""65dee422c2a3""}"
507,#08-101,L8,101,2RF,2RF47-S,5400567be4bb,47.4,"{""kitchen"": ""closed"", ""mechanical_vent"": [""BA""], ""mirror"": true, ""outdoor"": ""ac_ledge"", ""topology"": ""65dee422c2a3""}"
507,#09-101,L9,101,2RF,2RF47-S,5400567be4bb,47.4,"{""kitchen"": ""closed"", ""mechanical_vent"": [""BA""], ""mirror"": true, ""outdoor"": ""ac_ledge"", ""topology"": ""65dee422c2a3""}"
507,#10-101,L10,101,2RF,2RF47-S,5400567be4bb,47.4,"{""kitchen"": ""closed"", ""mechanical_vent"": [""BA""], ""mirror"": true, ""outdoor"": ""ac_ledge"", ""topology"": ""65dee422c2a3""}"
507,#11-101,L11,101,2RF,2RF47-S,5400567be4bb,47.4,"{""kitchen"": ""closed"", ""mechanical_vent"": [""BA""], ""mirror"": true, ""outdoor"": ""ac_ledge"", ""topology"": ""65dee422c2a3""}"
507,#12-101,L12,101,2RF,2RF47-S,5400567be4bb,47.4,"{""kitchen"": ""closed"", ""mechanical_vent"": [""BA""], ""mirror"": true, ""outdoor"": ""ac_ledge"", ""topology"": ""65dee422c2a3""}"
507,#13-101,L13,101,2RF,2RF47-S,5400567be4bb,47.4,"{""kitchen"": ""closed"", ""mechanical_vent"": [""BA""], ""mirror"": true, ""outdoor"": ""ac_ledge"", ""topology"": ""65dee422c2a3""}"
507,#14-101,L14,101,2RF,2RF47-S,5400567be4bb,47.4,"{""kitchen"": ""closed"", ""mechanical_vent"": [""BA""], ""mirror"": true, ""outdoor"": ""ac_ledge"", ""topology"": ""65dee422c2a3""}"
507,#02-102,L2,102,2RF,2RF38-S,89c4c80c7ca7,37.2,"{""kitchen"": ""closed"", ""mirror"": true, ""outdoor"": ""none"", ""topology"": ""3c0f605d01ee""}"
507,#03-102,L3,102,2RF,2RF38-S,89c4c80c7ca7,37.2,"{""kitchen"": ""closed"", ""mirror"": true, ""outdoor"": ""none"", ""topology"": ""3c0f605d01ee""}"
507,#04-102,L4,102,2RF,2RF38-S,89c4c80c7ca7,37.2,"{""kitchen"": ""closed"", ""mirror"": true, ""outdoor"": ""none"", ""topology"": ""3c0f605d01ee""}"
507,#05-102,L5,102,2RF,2RF38-S,89c4c80c7ca7,37.2,"{""kitchen"": ""closed"", ""mirror"": true, ""outdoor"": ""none"", ""topology"": ""3c0f605d01ee""}"
507,#06-102,L6,102,2RF,2RF38-S,89c4c80c7ca7,37.2,"{""kitchen"": ""closed"", ""mirror"": true, ""outdoor"": ""none"", ""topology"": ""3c0f605d01ee""}"
507,#07-102,L7,102,2RF,2RF38-S,89c4c80c7ca7,37.2,"{""kitchen"": ""closed"", ""mirror"": true, ""outdoor"": ""none"", ""topology"": ""3c0f605d01ee""}"
507,#08-102,L8,102,2RF,2RF38-S,89c4c80c7ca7,37.2,"{""kitchen"": ""closed"", ""mirror"": true, ""outdoor"": ""none"", ""topology"": ""3c0f605d01ee""}"
507,#09-102,L9,102,2RF,2RF38-S,89c4c80c7ca7,37.2,"{""kitchen"": ""closed"", ""mirror"": true, ""outdoor"": ""none"", ""topology"": ""3c0f605d01ee""}"
507,#10-102,L10,102,2RF,2RF38-S,89c4c80c7ca7,37.2,"{""kitchen"": ""closed"", ""mirror"": true, ""outdoor"": ""none"", ""topology"": ""3c0f605d01ee""}"
507,#11-102,L11,102,2RF,2RF38-S,89c4c80c7ca7,37.2,"{""kitchen"": ""closed"", ""mirror"": true, ""outdoor"": ""none"", ""topology"": ""3c0f605d01ee""}"
507,#12-102,L12,102,2RF,2RF38-S,89c4c80c7ca7,37.2,"{""kitchen"": ""closed"", ""mirror"": true, ""outdoor"": ""none"", ""topology"": ""3c0f605d01ee""}"
507,#13-102,L13,102,2RF,2RF38-S,89c4c80c7ca7,37.2,"{""kitchen"": ""closed"", ""mirror"": true, ""outdoor"": ""none"", ""topology"": ""3c0f605d01ee""}"
507,#14-102,L14,102,2RF,2RF38-S,89c4c80c7ca7,37.2,"{""kitchen"": ""closed"", ""mirror"": true, ""outdoor"": ""none"", ""topology"": ""3c0f605d01ee""}"
507,#02-103,L2,103,3R,3R-S-A,52d9f1140f48,65.6,"{""kitchen"": ""open"", ""mirror"": true, ""outdoor"": ""none"", ""topology"": ""c79fc31c0909""}"
507,#03-103,L3,103,3R,3R-S-A,52d9f1140f48,65.6,"{""kitchen"": ""open"", ""mirror"": true, ""outdoor"": ""none"", ""topology"": ""c79fc31c0909""}"
507,#04-103,L4,103,3R,3R-S-A,52d9f1140f48,65.6,"{""kitchen"": ""open"", ""mirror"": true, ""outdoor"": ""none"", ""topology"": ""c79fc31c0909""}"
507,#05-103,L5,103,3R,3R-S-A,52d9f1140f48,65.6,"{""kitchen"": ""open"", ""mirror"": true, ""outdoor"": ""none"", ""topology"": ""c79fc31c0909""}"
507,#06-103,L6,103,3R,3R-S-A,52d9f1140f48,65.6,"{""kitchen"": ""open"", ""mirror"": true, ""outdoor"": ""none"", ""topology"": ""c79fc31c0909""}"
507,#07-103,L7,103,3R,3R-S-A,52d9f1140f48,65.6,"{""kitchen"": ""open"", ""mirror"": true, ""outdoor"": ""none"", ""topology"": ""c79fc31c0909""}"
507,#08-103,L8,103,3R,3R-S-A,52d9f1140f48,65.6,"{""kitchen"": ""open"", ""mirror"": true, ""outdoor"": ""none"", ""topology"": ""c79fc31c0909""}"
507,#09-103,L9,103,3R,3R-S-A,52d9f1140f48,65.6,"{""kitchen"": ""open"", ""mirror"": true, ""outdoor"": ""none"", ""topology"": ""c79fc31c0909""}"
507,#10-103,L10,103,3R,3R-S-A,52d9f1140f48,65.6,"{""kitchen"": ""open"", ""mirror"": true, ""outdoor"": ""none"", ""topology"": ""c79fc31c0909""}"
507,#11-103,L11,103,3R,3R-S-A,52d9f1140f48,65.6,"{""kitchen"": ""open"", ""mirror"": true, ""outdoor"": ""none"", ""topology"": ""c79fc31c0909""}"
507,#12-103,L12,103,3R,3R-S-A,52d9f1140f48,65.6,"{""kitchen"": ""open"", ""mirror"": true, ""outdoor"": ""none"", ""topology"": ""c79fc31c0909""}"
507,#13-103,L13,103,3R,3R-S-A,52d9f1140f48,65.6,"{""kitchen"": ""open"", ""mirror"": true, ""outdoor"": ""none"", ""topology"": ""c79fc31c0909""}"
507,#14-103,L14,103,3R,3R-S-A,52d9f1140f48,65.6,"{""kitchen"": ""open"", ""mirror"": true, ""outdoor"": ""none"", ""topology"": ""c79fc31c0909""}"
507,#02-104,L2,104,4R,4R-S-A,0b73db42933d,90.2,"{""kitchen"": ""open"", ""mechanical_vent"": [""MBa""], ""mirror"": true, ""outdoor"": ""none"", ""topology"": ""710fde88a1d6""}"
507,#03-104,L3,104,4R,4R-S-A,0b73db42933d,90.2,"{""kitchen"": ""open"", ""mechanical_vent"": [""MBa""], ""mirror"": true, ""outdoor"": ""none"", ""topology"": ""710fde88a1d6""}"
507,#04-104,L4,104,4R,4R-S-A,0b73db42933d,90.2,"{""kitchen"": ""open"", ""mechanical_vent"": [""MBa""], ""mirror"": true, ""outdoor"": ""none"", ""topology"": ""710fde88a1d6""}"
507,#05-104,L5,104,4R,4R-S-A,0b73db42933d,90.2,"{""kitchen"": ""open"", ""mechanical_vent"": [""MBa""], ""mirror"": true, ""outdoor"": ""none"", ""topology"": ""710fde88a1d6""}"
507,#06-104,L6,104,4R,4R-S-A,0b73db42933d,90.2,"{""kitchen"": ""open"", ""mechanical_vent"": [""MBa""], ""mirror"": true, ""outdoor"": ""none"", ""topology"": ""710fde88a1d6""}"
507,#07-104,L7,104,4R,4R-S-A,0b73db42933d,90.2,"{""kitchen"": ""open"", ""mechanical_vent"": [""MBa""], ""mirror"": true, ""outdoor"": ""none"", ""topology"": ""710fde88a1d6""}"
507,#08-104,L8,104,4R,4R-S-A,0b73db42933d,90.2,"{""kitchen"": ""open"", ""mechanical_vent"": [""MBa""], ""mirror"": true, ""outdoor"": ""none"", ""topology"": ""710fde88a1d6""}"
507,#09-104,L9,104,4R,4R-S-A,0b73db42933d,90.2,"{""kitchen"": ""open"", ""mechanical_vent"": [""MBa""], ""mirror"": true, ""outdoor"": ""none"", ""topology"": ""710fde88a1d6""}"
507,#10-104,L10,104,4R,4R-S-A,0b73db42933d,90.2,"{""kitchen"": ""open"", ""mechanical_vent"": [""MBa""], ""mirror"": true, ""outdoor"": ""none"", ""topology"": ""710fde88a1d6""}"
507,#11-104,L11,104,4R,4R-S-A,0b73db42933d,90.2,"{""kitchen"": ""open"", ""mechanical_vent"": [""MBa""], ""mirror"": true, ""outdoor"": ""none"", ""topology"": ""710fde88a1d6""}"
507,#12-104,L12,104,4R,4R-S-A,0b73db42933d,90.2,"{""kitchen"": ""open"", ""mechanical_vent"": [""MBa""], ""mirror"": true, ""outdoor"": ""none"", ""topology"": ""710fde88a1d6""}"
507,#13-104,L13,104,4R,4R-S-A,0b73db42933d,90.2,"{""kitchen"": ""open"", ""mechanical_vent"": [""MBa""], ""mirror"": true, ""outdoor"": ""none"", ""topology"": ""710fde88a1d6""}"
507,#14-104,L14,104,4R,4R-S-A,0b73db42933d,90.2,"{""kitchen"": ""open"", ""mechanical_vent"": [""MBa""], ""mirror"": true, ""outdoor"": ""none"", ""topology"": ""710fde88a1d6""}"
507,#02-105,L2,105,4R,4R-S-B,e830b568854a,91.8,"{""kitchen"": ""closed"", ""mechanical_vent"": [""CB""], ""mirror"": false, ""outdoor"": ""none"", ""topology"": ""c31c783e4705""}"
507,#03-105,L3,105,4R,4R-S-B,e830b568854a,91.8,"{""kitchen"": ""closed"", ""mechanical_vent"": [""CB""], ""mirror"": false, ""outdoor"": ""none"", ""topology"": ""c31c783e4705""}"
507,#04-105,L4,105,4R,4R-S-B,e830b568854a,91.8,"{""kitchen"": ""closed"", ""mechanical_vent"": [""CB""], ""mirror"": false, ""outdoor"": ""none"", ""topology"": ""c31c783e4705""}"
507,#05-105,L5,105,4R,4R-S-B,e830b568854a,91.8,"{""kitchen"": ""closed"", ""mechanical_vent"": [""CB""], ""mirror"": false, ""outdoor"": ""none"", ""topology"": ""c31c783e4705""}"
507,#06-105,L6,105,4R,4R-S-B,e830b568854a,91.8,"{""kitchen"": ""closed"", ""mechanical_vent"": [""CB""], ""mirror"": false, ""outdoor"": ""none"", ""topology"": ""c31c783e4705""}"
507,#07-105,L7,105,4R,4R-S-B,e830b568854a,91.8,"{""kitchen"": ""closed"", ""mechanical_vent"": [""CB""], ""mirror"": false, ""outdoor"": ""none"", ""topology"": ""c31c783e4705""}"
507,#08-105,L8,105,4R,4R-S-B,e830b568854a,91.8,"{""kitchen"": ""closed"", ""mechanical_vent"": [""CB""], ""mirror"": false, ""outdoor"": ""none"", ""topology"": ""c31c783e4705""}"
507,#09-105,L9,105,4R,4R-S-B,e830b568854a,91.8,"{""kitchen"": ""closed"", ""mechanical_vent"": [""CB""], ""mirror"": false, ""outdoor"": ""none"", ""topology"": ""c31c783e4705""}"
507,#10-105,L10,105,4R,4R-S-B,e830b568854a,91.8,"{""kitchen"": ""closed"", ""mechanical_vent"": [""CB""], ""mirror"": false, ""outdoor"": ""none"", ""topology"": ""c31c783e4705""}"
507,#11-105,L11,105,4R,4R-S-B,e830b568854a,91.8,"{""kitchen"": ""closed"", ""mechanical_vent"": [""CB""], ""mirror"": false, ""outdoor"": ""none"", ""topology"": ""c31c783e4705""}"
507,#12-105,L12,105,4R,4R-S-B,e830b568854a,91.8,"{""kitchen"": ""closed"", ""mechanical_vent"": [""CB""], ""mirror"": false, ""outdoor"": ""none"", ""topology"": ""c31c783e4705""}"
507,#13-105,L13,105,4R,4R-S-B,e830b568854a,91.8,"{""kitchen"": ""closed"", ""mechanical_vent"": [""CB""], ""mirror"": false, ""outdoor"": ""none"", ""topology"": ""c31c783e4705""}"
507,#14-105,L14,105,4R,4R-S-B,e830b568854a,91.8,"{""kitchen"": ""closed"", ""mechanical_vent"": [""CB""], ""mirror"": false, ""outdoor"": ""none"", ""topology"": ""c31c783e4705""}"
507,#02-106,L2,106,4R,4R-S-A,df85546c8071,91.5,"{""kitchen"": ""open"", ""mechanical_vent"": [""MBa""], ""mirror"": true, ""outdoor"": ""ac_ledge"", ""topology"": ""710fde88a1d6""}"
507,#03-106,L3,106,4R,4R-S-A,df85546c8071,91.5,"{""kitchen"": ""open"", ""mechanical_vent"": [""MBa""], ""mirror"": true, ""outdoor"": ""ac_ledge"", ""topology"": ""710fde88a1d6""}"
507,#04-106,L4,106,4R,4R-S-A,df85546c8071,91.5,"{""kitchen"": ""open"", ""mechanical_vent"": [""MBa""], ""mirror"": true, ""outdoor"": ""ac_ledge"", ""topology"": ""710fde88a1d6""}"
507,#05-106,L5,106,4R,4R-S-A,df85546c8071,91.5,"{""kitchen"": ""open"", ""mechanical_vent"": [""MBa""], ""mirror"": true, ""outdoor"": ""ac_ledge"", ""topology"": ""710fde88a1d6""}"
507,#06-106,L6,106,4R,4R-S-A,df85546c8071,91.5,"{""kitchen"": ""open"", ""mechanical_vent"": [""MBa""], ""mirror"": true, ""outdoor"": ""ac_ledge"", ""topology"": ""710fde88a1d6""}"
507,#07-106,L7,106,4R,4R-S-A,df85546c8071,91.5,"{""kitchen"": ""open"", ""mechanical_vent"": [""MBa""], ""mirror"": true, ""outdoor"": ""ac_ledge"", ""topology"": ""710fde88a1d6""}"
507,#08-106,L8,106,4R,4R-S-A,df85546c8071,91.5,"{""kitchen"": ""open"", ""mechanical_vent"": [""MBa""], ""mirror"": true, ""outdoor"": ""ac_ledge"", ""topology"": ""710fde88a1d6""}"
507,#09-106,L9,106,4R,4R-S-A,df85546c8071,91.5,"{""kitchen"": ""open"", ""mechanical_vent"": [""MBa""], ""mirror"": true, ""outdoor"": ""ac_ledge"", ""topology"": ""710fde88a1d6""}"
507,#10-106,L10,106,4R,4R-S-A,df85546c8071,91.5,"{""kitchen"": ""open"", ""mechanical_vent"": [""MBa""], ""mirror"": true, ""outdoor"": ""ac_ledge"", ""topology"": ""710fde88a1d6""}"
507,#11-106,L11,106,4R,4R-S-A,df85546c8071,91.5,"{""kitchen"": ""open"", ""mechanical_vent"": [""MBa""], ""mirror"": true, ""outdoor"": ""ac_ledge"", ""topology"": ""710fde88a1d6""}"
507,#12-106,L12,106,4R,4R-S-A,df85546c8071,91.5,"{""kitchen"": ""open"", ""mechanical_vent"": [""MBa""], ""mirror"": true, ""outdoor"": ""ac_ledge"", ""topology"": ""710fde88a1d6""}"
507,#13-106,L13,106,4R,4R-S-A,df85546c8071,91.5,"{""kitchen"": ""open"", ""mechanical_vent"": [""MBa""], ""mirror"": true, ""outdoor"": ""ac_ledge"", ""topology"": ""710fde88a1d6""}"
507,#14-106,L14,106,4R,4R-S-A,df85546c8071,91.5,"{""kitchen"": ""open"", ""mechanical_vent"": [""MBa""], ""mirror"": true, ""outdoor"": ""ac_ledge"", ""topology"": ""710fde88a1d6""}"
507,#02-107,L2,107,4R,4R-S-B,286eb67b71f1,92.9,"{""kitchen"": ""closed"", ""mechanical_vent"": [""CB""], ""mirror"": false, ""outdoor"": ""ac_ledge"", ""topology"": ""c31c783e4705""}"
507,#03-107,L3,107,4R,4R-S-B,286eb67b71f1,92.9,"{""kitchen"": ""closed"", ""mechanical_vent"": [""CB""], ""mirror"": false, ""outdoor"": ""ac_ledge"", ""topology"": ""c31c783e4705""}"
507,#04-107,L4,107,4R,4R-S-B,286eb67b71f1,92.9,"{""kitchen"": ""closed"", ""mechanical_vent"": [""CB""], ""mirror"": false, ""outdoor"": ""ac_ledge"", ""topology"": ""c31c783e4705""}"
507,#05-107,L5,107,4R,4R-S-B,286eb67b71f1,92.9,"{""kitchen"": ""closed"", ""mechanical_vent"": [""CB""], ""mirror"": false, ""outdoor"": ""ac_ledge"", ""topology"": ""c31c783e4705""}"
507,#06-107,L6,107,4R,4R-S-B,286eb67b71f1,92.9,"{""kitchen"": ""closed"", ""mechanical_vent"": [""CB""], ""mirror"": false, ""outdoor"": ""ac_ledge"", ""topology"": ""c31c783e4705""}"
507,#07-107,L7,107,4R,4R-S-B,286eb67b71f1,92.9,"{""kitchen"": ""closed"", ""mechanical_vent"": [""CB""], ""mirror"": false, ""outdoor"": ""ac_ledge"", ""topology"": ""c31c783e4705""}"
507,#08-107,L8,107,4R,4R-S-B,286eb67b71f1,92.9,"{""kitchen"": ""closed"", ""mechanical_vent"": [""CB""], ""mirror"": false, ""outdoor"": ""ac_ledge"", ""topology"": ""c31c783e4705""}"
507,#09-107,L9,107,4R,4R-S-B,286eb67b71f1,92.9,"{""kitchen"": ""closed"", ""mechanical_vent"": [""CB""], ""mirror"": false, ""outdoor"": ""ac_ledge"", ""topology"": ""c31c783e4705""}"
507,#10-107,L10,107,4R,4R-S-B,286eb67b71f1,92.9,"{""kitchen"": ""closed"", ""mechanical_vent"": [""CB""], ""mirror"": false, ""outdoor"": ""ac_ledge"", ""topology"": ""c31c783e4705""}"
507,#11-107,L11,107,4R,4R-S-B,286eb67b71f1,92.9,"{""kitchen"": ""closed"", ""mechanical_vent"": [""CB""], ""mirror"": false, ""outdoor"": ""ac_ledge"", ""topology"": ""c31c783e4705""}"
507,#12-107,L12,107,4R,4R-S-B,286eb67b71f1,92.9,"{""kitchen"": ""closed"", ""mechanical_vent"": [""CB""], ""mirror"": false, ""outdoor"": ""ac_ledge"", ""topology"": ""c31c783e4705""}"
507,#13-107,L13,107,4R,4R-S-B,286eb67b71f1,92.9,"{""kitchen"": ""closed"", ""mechanical_vent"": [""CB""], ""mirror"": false, ""outdoor"": ""ac_ledge"", ""topology"": ""c31c783e4705""}"
507,#14-107,L14,107,4R,4R-S-B,286eb67b71f1,92.9,"{""kitchen"": ""closed"", ""mechanical_vent"": [""CB""], ""mirror"": false, ""outdoor"": ""ac_ledge"", ""topology"": ""c31c783e4705""}"
507,#02-108,L2,108,3R,3R-S-B,6173b71ddfd8,66.0,"{""kitchen"": ""open"", ""mechanical_vent"": [""CB""], ""mirror"": true, ""outdoor"": ""ac_ledge"", ""topology"": ""6685e356178f""}"
507,#03-108,L3,108,3R,3R-S-B,6173b71ddfd8,66.0,"{""kitchen"": ""open"", ""mechanical_vent"": [""CB""], ""mirror"": true, ""outdoor"": ""ac_ledge"", ""topology"": ""6685e356178f""}"
507,#04-108,L4,108,3R,3R-S-B,6173b71ddfd8,66.0,"{""kitchen"": ""open"", ""mechanical_vent"": [""CB""], ""mirror"": true, ""outdoor"": ""ac_ledge"", ""topology"": ""6685e356178f""}"
507,#05-108,L5,108,3R,3R-S-B,6173b71ddfd8,66.0,"{""kitchen"": ""open"", ""mechanical_vent"": [""CB""], ""mirror"": true, ""outdoor"": ""ac_ledge"", ""topology"": ""6685e356178f""}"
507,#06-108,L6,108,3R,3R-S-B,6173b71ddfd8,66.0,"{""kitchen"": ""open"", ""mechanical_vent"": [""CB""], ""mirror"": true, ""outdoor"": ""ac_ledge"", ""topology"": ""6685e356178f""}"
507,#07-108,L7,108,3R,3R-S-B,6173b71ddfd8,66.0,"{""kitchen"": ""open"", ""mechanical_vent"": [""CB""], ""mirror"": true, ""outdoor"": ""ac_ledge"", ""topology"": ""6685e356178f""}"
507,#08-108,L8,108,3R,3R-S-B,6173b71ddfd8,66.0,"{""kitchen"": ""open"", ""mechanical_vent"": [""CB""], ""mirror"": true, ""outdoor"": ""ac_ledge"", ""topology"": ""6685e356178f""}"
507,#09-108,L9,108,3R,3R-S-B,6173b71ddfd8,66.0,"{""kitchen"": ""open"", ""mechanical_vent"": [""CB""], ""mirror"": true, ""outdoor"": ""ac_ledge"", ""topology"": ""6685e356178f""}"
507,#10-108,L10,108,3R,3R-S-B,6173b71ddfd8,66.0,"{""kitchen"": ""open"", ""mechanical_vent"": [""CB""], ""mirror"": true, ""outdoor"": ""ac_ledge"", ""topology"": ""6685e356178f""}"
507,#11-108,L11,108,3R,3R-S-B,6173b71ddfd8,66.0,"{""kitchen"": ""open"", ""mechanical_vent"": [""CB""], ""mirror"": true, ""outdoor"": ""ac_ledge"", ""topology"": ""6685e356178f""}"
507,#12-108,L12,108,3R,3R-S-B,6173b71ddfd8,66.0,"{""kitchen"": ""open"", ""mechanical_vent"": [""CB""], ""mirror"": true, ""outdoor"": ""ac_ledge"", ""topology"": ""6685e356178f""}"
507,#13-108,L13,108,3R,3R-S-B,6173b71ddfd8,66.0,"{""kitchen"": ""open"", ""mechanical_vent"": [""CB""], ""mirror"": true, ""outdoor"": ""ac_ledge"", ""topology"": ""6685e356178f""}"
507,#14-108,L14,108,3R,3R-S-B,6173b71ddfd8,66.0,"{""kitchen"": ""open"", ""mechanical_vent"": [""CB""], ""mirror"": true, ""outdoor"": ""ac_ledge"", ""topology"": ""6685e356178f""}"
508,#02-101,L2,101,3R,3R-S-B,b5c071aaabe9,65.3,"{""kitchen"": ""closed"", ""mechanical_vent"": [""CB""], ""mirror"": true, ""outdoor"": ""none"", ""topology"": ""6685e356178f""}"
508,#03-101,L3,101,3R,3R-S-B,b5c071aaabe9,65.3,"{""kitchen"": ""closed"", ""mechanical_vent"": [""CB""], ""mirror"": true, ""outdoor"": ""none"", ""topology"": ""6685e356178f""}"
508,#04-101,L4,101,3R,3R-S-B,b5c071aaabe9,65.3,"{""kitchen"": ""closed"", ""mechanical_vent"": [""CB""], ""mirror"": true, ""outdoor"": ""none"", ""topology"": ""6685e356178f""}"
508,#05-101,L5,101,3R,3R-S-B,b5c071aaabe9,65.3,"{""kitchen"": ""closed"", ""mechanical_vent"": [""CB""], ""mirror"": true, ""outdoor"": ""none"", ""topology"": ""6685e356178f""}"
508,#06-101,L6,101,3R,3R-S-B,b5c071aaabe9,65.3,"{""kitchen"": ""closed"", ""mechanical_vent"": [""CB""], ""mirror"": true, ""outdoor"": ""none"", ""topology"": ""6685e356178f""}"
508,#07-101,L7,101,3R,3R-S-B,b5c071aaabe9,65.3,"{""kitchen"": ""closed"", ""mechanical_vent"": [""CB""], ""mirror"": true, ""outdoor"": ""none"", ""topology"": ""6685e356178f""}"
508,#08-101,L8,101,3R,3R-S-B,b5c071aaabe9,65.3,"{""kitchen"": ""closed"", ""mechanical_vent"": [""CB""], ""mirror"": true, ""outdoor"": ""none"", ""topology"": ""6685e356178f""}"
508,#09-101,L9,101,3R,3R-S-B,b5c071aaabe9,65.3,"{""kitchen"": ""closed"", ""mechanical_vent"": [""CB""], ""mirror"": true, ""outdoor"": ""none"", ""topology"": ""6685e356178f""}"
508,#10-101,L10,101,3R,3R-S-B,b5c071aaabe9,65.3,"{""kitchen"": ""closed"", ""mechanical_vent"": [""CB""], ""mirror"": true, ""outdoor"": ""none"", ""topology"": ""6685e356178f""}"
508,#11-101,L11,101,3R,3R-S-B,b5c071aaabe9,65.3,"{""kitchen"": ""closed"", ""mechanical_vent"": [""CB""], ""mirror"": true, ""outdoor"": ""none"", ""topology"": ""6685e356178f""}"
508,#12-101,L12,101,3R,3R-S-B,b5c071aaabe9,65.3,"{""kitchen"": ""closed"", ""mechanical_vent"": [""CB""], ""mirror"": true, ""outdoor"": ""none"", ""topology"": ""6685e356178f""}"
508,#13-101,L13,101,3R,3R-S-B,b5c071aaabe9,65.3,"{""kitchen"": ""closed"", ""mechanical_vent"": [""CB""], ""mirror"": true, ""outdoor"": ""none"", ""topology"": ""6685e356178f""}"
508,#14-101,L14,101,3R,3R-S-B,b5c071aaabe9,65.3,"{""kitchen"": ""closed"", ""mechanical_vent"": [""CB""], ""mirror"": true, ""outdoor"": ""none"", ""topology"": ""6685e356178f""}"
508,#02-102,L2,102,4R,4R-S-B,fe2d3ed3fa22,92.9,"{""kitchen"": ""closed"", ""mechanical_vent"": [""CB""], ""mirror"": true, ""outdoor"": ""ac_ledge"", ""topology"": ""c31c783e4705""}"
508,#03-102,L3,102,4R,4R-S-B,fe2d3ed3fa22,92.9,"{""kitchen"": ""closed"", ""mechanical_vent"": [""CB""], ""mirror"": true, ""outdoor"": ""ac_ledge"", ""topology"": ""c31c783e4705""}"
508,#04-102,L4,102,4R,4R-S-B,fe2d3ed3fa22,92.9,"{""kitchen"": ""closed"", ""mechanical_vent"": [""CB""], ""mirror"": true, ""outdoor"": ""ac_ledge"", ""topology"": ""c31c783e4705""}"
508,#05-102,L5,102,4R,4R-S-B,fe2d3ed3fa22,92.9,"{""kitchen"": ""closed"", ""mechanical_vent"": [""CB""], ""mirror"": true, ""outdoor"": ""ac_ledge"", ""topology"": ""c31c783e4705""}"
508,#06-102,L6,102,4R,4R-S-B,fe2d3ed3fa22,92.9,"{""kitchen"": ""closed"", ""mechanical_vent"": [""CB""], ""mirror"": true, ""outdoor"": ""ac_ledge"", ""topology"": ""c31c783e4705""}"
508,#07-102,L7,102,4R,4R-S-B,fe2d3ed3fa22,92.9,"{""kitchen"": ""closed"", ""mechanical_vent"": [""CB""], ""mirror"": true, ""outdoor"": ""ac_ledge"", ""topology"": ""c31c783e4705""}"
508,#08-102,L8,102,4R,4R-S-B,fe2d3ed3fa22,92.9,"{""kitchen"": ""closed"", ""mechanical_vent"": [""CB""], ""mirror"": true, ""outdoor"": ""ac_ledge"", ""topology"": ""c31c783e4705""}"
508,#09-102,L9,102,4R,4R-S-B,fe2d3ed3fa22,92.9,"{""kitchen"": ""closed"", ""mechanical_vent"": [""CB""], ""mirror"": true, ""outdoor"": ""ac_ledge"", ""topology"": ""c31c783e4705""}"
508,#10-102,L10,102,4R,4R-S-B,fe2d3ed3fa22,92.9,"{""kitchen"": ""closed"", ""mechanical_vent"": [""CB""], ""mirror"": true, ""outdoor"": ""ac_ledge"", ""topology"": ""c31c783e4705""}"
508,#11-102,L11,102,4R,4R-S-B,fe2d3ed3fa22,92.9,"{""kitchen"": ""closed"", ""mechanical_vent"": [""CB""], ""mirror"": true, ""outdoor"": ""ac_ledge"", ""topology"": ""c31c783e4705""}"
508,#12-102,L12,102,4R,4R-S-B,fe2d3ed3fa22,92.9,"{""kitchen"": ""closed"", ""mechanical_vent"": [""CB""], ""mirror"": true, ""outdoor"": ""ac_ledge"", ""topology"": ""c31c783e4705""}"
508,#13-102,L13,102,4R,4R-S-B,fe2d3ed3fa22,92.9,"{""kitchen"": ""closed"", ""mechanical_vent"": [""CB""], ""mirror"": true, ""outdoor"": ""ac_ledge"", ""topology"": ""c31c783e4705""}"
508,#14-102,L14,102,4R,4R-S-B,fe2d3ed3fa22,92.9,"{""kitchen"": ""closed"", ""mechanical_vent"": [""CB""], ""mirror"": true, ""outdoor"": ""ac_ledge"", ""topology"": ""c31c783e4705""}"
508,#02-103,L2,103,4R,4R-S-A,e7be63244398,90.2,"{""kitchen"": ""closed"", ""mechanical_vent"": [""MBa""], ""mirror"": true, ""outdoor"": ""none"", ""topology"": ""710fde88a1d6""}"
508,#03-103,L3,103,4R,4R-S-A,e7be63244398,90.2,"{""kitchen"": ""closed"", ""mechanical_vent"": [""MBa""], ""mirror"": true, ""outdoor"": ""none"", ""topology"": ""710fde88a1d6""}"
508,#04-103,L4,103,4R,4R-S-A,e7be63244398,90.2,"{""kitchen"": ""closed"", ""mechanical_vent"": [""MBa""], ""mirror"": true, ""outdoor"": ""none"", ""topology"": ""710fde88a1d6""}"
508,#05-103,L5,103,4R,4R-S-A,e7be63244398,90.2,"{""kitchen"": ""closed"", ""mechanical_vent"": [""MBa""], ""mirror"": true, ""outdoor"": ""none"", ""topology"": ""710fde88a1d6""}"
508,#06-103,L6,103,4R,4R-S-A,e7be63244398,90.2,"{""kitchen"": ""closed"", ""mechanical_vent"": [""MBa""], ""mirror"": true, ""outdoor"": ""none"", ""topology"": ""710fde88a1d6""}"
508,#07-103,L7,103,4R,4R-S-A,e7be63244398,90.2,"{""kitchen"": ""closed"", ""mechanical_vent"": [""MBa""], ""mirror"": true, ""outdoor"": ""none"", ""topology"": ""710fde88a1d6""}"
508,#08-103,L8,103,4R,4R-S-A,e7be63244398,90.2,"{""kitchen"": ""closed"", ""mechanical_vent"": [""MBa""], ""mirror"": true, ""outdoor"": ""none"", ""topology"": ""710fde88a1d6""}"
508,#09-103,L9,103,4R,4R-S-A,e7be63244398,90.2,"{""kitchen"": ""closed"", ""mechanical_vent"": [""MBa""], ""mirror"": true, ""outdoor"": ""none"", ""topology"": ""710fde88a1d6""}"
508,#10-103,L10,103,4R,4R-S-A,e7be63244398,90.2,"{""kitchen"": ""closed"", ""mechanical_vent"": [""MBa""], ""mirror"": true, ""outdoor"": ""none"", ""topology"": ""710fde88a1d6""}"
508,#11-103,L11,103,4R,4R-S-A,e7be63244398,90.2,"{""kitchen"": ""closed"", ""mechanical_vent"": [""MBa""], ""mirror"": true, ""outdoor"": ""none"", ""topology"": ""710fde88a1d6""}"
508,#12-103,L12,103,4R,4R-S-A,e7be63244398,90.2,"{""kitchen"": ""closed"", ""mechanical_vent"": [""MBa""], ""mirror"": true, ""outdoor"": ""none"", ""topology"": ""710fde88a1d6""}"
508,#13-103,L13,103,4R,4R-S-A,e7be63244398,90.2,"{""kitchen"": ""closed"", ""mechanical_vent"": [""MBa""], ""mirror"": true, ""outdoor"": ""none"", ""topology"": ""710fde88a1d6""}"
508,#14-103,L14,103,4R,4R-S-A,e7be63244398,90.2,"{""kitchen"": ""closed"", ""mechanical_vent"": [""MBa""], ""mirror"": true, ""outdoor"": ""none"", ""topology"": ""710fde88a1d6""}"
508,#02-104,L2,104,4R,4R-S-B,286eb67b71f1,92.9,"{""kitchen"": ""closed"", ""mechanical_vent"": [""CB""], ""mirror"": false, ""outdoor"": ""ac_ledge"", ""topology"": ""c31c783e4705""}"
508,#03-104,L3,104,4R,4R-S-B,286eb67b71f1,92.9,"{""kitchen"": ""closed"", ""mechanical_vent"": [""CB""], ""mirror"": false, ""outdoor"": ""ac_ledge"", ""topology"": ""c31c783e4705""}"
508,#04-104,L4,104,4R,4R-S-B,286eb67b71f1,92.9,"{""kitchen"": ""closed"", ""mechanical_vent"": [""CB""], ""mirror"": false, ""outdoor"": ""ac_ledge"", ""topology"": ""c31c783e4705""}"
508,#05-104,L5,104,4R,4R-S-B,286eb67b71f1,92.9,"{""kitchen"": ""closed"", ""mechanical_vent"": [""CB""], ""mirror"": false, ""outdoor"": ""ac_ledge"", ""topology"": ""c31c783e4705""}"
508,#06-104,L6,104,4R,4R-S-B,286eb67b71f1,92.9,"{""kitchen"": ""closed"", ""mechanical_vent"": [""CB""], ""mirror"": false, ""outdoor"": ""ac_ledge"", ""topology"": ""c31c783e4705""}"
508,#07-104,L7,104,4R,4R-S-B,286eb67b71f1,92.9,"{""kitchen"": ""closed"", ""mechanical_vent"": [""CB""], ""mirror"": false, ""outdoor"": ""ac_ledge"", ""topology"": ""c31c783e4705""}"
508,#08-104,L8,104,4R,4R-S-B,286eb67b71f1,92.9,"{""kitchen"": ""closed"", ""mechanical_vent"": [""CB""], ""mirror"": false, ""outdoor"": ""ac_ledge"", ""topology"": ""c31c783e4705""}"
508,#09-104,L9,104,4R,4R-S-B,286eb67b71f1,92.9,"{""kitchen"": ""closed"", ""mechanical_vent"": [""CB""], ""mirror"": false, ""outdoor"": ""ac_ledge"", ""topology"": ""c31c783e4705""}"
508,#10-104,L10,104,4R,4R-S-B,286eb67b71f1,92.9,"{""kitchen"": ""closed"", ""mechanical_vent"": [""CB""], ""mirror"": false, ""outdoor"": ""ac_ledge"", ""topology"": ""c31c783e4705""}"
508,#11-104,L11,104,4R,4R-S-B,286eb67b71f1,92.9,"{""kitchen"": ""closed"", ""mechanical_vent"": [""CB""], ""mirror"": false, ""outdoor"": ""ac_ledge"", ""topology"": ""c31c783e4705""}"
508,#12-104,L12,104,4R,4R-S-B,286eb67b71f1,92.9,"{""kitchen"": ""closed"", ""mechanical_vent"": [""CB""], ""mirror"": false, ""outdoor"": ""ac_ledge"", ""topology"": ""c31c783e4705""}"
508,#13-104,L13,104,4R,4R-S-B,286eb67b71f1,92.9,"{""kitchen"": ""closed"", ""mechanical_vent"": [""CB""], ""mirror"": false, ""outdoor"": ""ac_ledge"", ""topology"": ""c31c783e4705""}"
508,#14-104,L14,104,4R,4R-S-B,286eb67b71f1,92.9,"{""kitchen"": ""closed"", ""mechanical_vent"": [""CB""], ""mirror"": false, ""outdoor"": ""ac_ledge"", ""topology"": ""c31c783e4705""}"
508,#02-105,L2,105,4R,4R-S-A,df85546c8071,91.5,"{""kitchen"": ""open"", ""mechanical_vent"": [""MBa""], ""mirror"": true, ""outdoor"": ""ac_ledge"", ""topology"": ""710fde88a1d6""}"
508,#03-105,L3,105,4R,4R-S-A,df85546c8071,91.5,"{""kitchen"": ""open"", ""mechanical_vent"": [""MBa""], ""mirror"": true, ""outdoor"": ""ac_ledge"", ""topology"": ""710fde88a1d6""}"
508,#04-105,L4,105,4R,4R-S-A,df85546c8071,91.5,"{""kitchen"": ""open"", ""mechanical_vent"": [""MBa""], ""mirror"": true, ""outdoor"": ""ac_ledge"", ""topology"": ""710fde88a1d6""}"
508,#05-105,L5,105,4R,4R-S-A,df85546c8071,91.5,"{""kitchen"": ""open"", ""mechanical_vent"": [""MBa""], ""mirror"": true, ""outdoor"": ""ac_ledge"", ""topology"": ""710fde88a1d6""}"
508,#06-105,L6,105,4R,4R-S-A,df85546c8071,91.5,"{""kitchen"": ""open"", ""mechanical_vent"": [""MBa""], ""mirror"": true, ""outdoor"": ""ac_ledge"", ""topology"": ""710fde88a1d6""}"
508,#07-105,L7,105,4R,4R-S-A,df85546c8071,91.5,"{""kitchen"": ""open"", ""mechanical_vent"": [""MBa""], ""mirror"": true, ""outdoor"": ""ac_ledge"", ""topology"": ""710fde88a1d6""}"
508,#08-105,L8,105,4R,4R-S-A,df85546c8071,91.5,"{""kitchen"": ""open"", ""mechanical_vent"": [""MBa""], ""mirror"": true, ""outdoor"": ""ac_ledge"", ""topology"": ""710fde88a1d6""}"
508,#09-105,L9,105,4R,4R-S-A,df85546c8071,91.5,"{""kitchen"": ""open"", ""mechanical_vent"": [""MBa""], ""mirror"": true, ""outdoor"": ""ac_ledge"", ""topology"": ""710fde88a1d6""}"
508,#10-105,L10,105,4R,4R-S-A,df85546c8071,91.5,"{""kitchen"": ""open"", ""mechanical_vent"": [""MBa""], ""mirror"": true, ""outdoor"": ""ac_ledge"", ""topology"": ""710fde88a1d6""}"
508,#11-105,L11,105,4R,4R-S-A,df85546c8071,91.5,"{""kitchen"": ""open"", ""mechanical_vent"": [""MBa""], ""mirror"": true, ""outdoor"": ""ac_ledge"", ""topology"": ""710fde88a1d6""}"
508,#12-105,L12,105,4R,4R-S-A,df85546c8071,91.5,"{""kitchen"": ""open"", ""mechanical_vent"": [""MBa""], ""mirror"": true, ""outdoor"": ""ac_ledge"", ""topology"": ""710fde88a1d6""}"
508,#13-105,L13,105,4R,4R-S-A,df85546c8071,91.5,"{""kitchen"": ""open"", ""mechanical_vent"": [""MBa""], ""mirror"": true, ""outdoor"": ""ac_ledge"", ""topology"": ""710fde88a1d6""}"
508,#14-105,L14,105,4R,4R-S-A,df85546c8071,91.5,"{""kitchen"": ""open"", ""mechanical_vent"": [""MBa""], ""mirror"": true, ""outdoor"": ""ac_ledge"", ""topology"": ""710fde88a1d6""}"
508,#02-106,L2,106,3R,3R-S-A,52d9f1140f48,65.6,"{""kitchen"": ""open"", ""mirror"": true, ""outdoor"": ""none"", ""topology"": ""c79fc31c0909""}"
508,#03-106,L3,106,3R,3R-S-A,52d9f1140f48,65.6,"{""kitchen"": ""open"", ""mirror"": true, ""outdoor"": ""none"", ""topology"": ""c79fc31c0909""}"
508,#04-106,L4,106,3R,3R-S-A,52d9f1140f48,65.6,"{""kitchen"": ""open"", ""mirror"": true, ""outdoor"": ""none"", ""topology"": ""c79fc31c0909""}"
508,#05-106,L5,106,3R,3R-S-A,52d9f1140f48,65.6,"{""kitchen"": ""open"", ""mirror"": true, ""outdoor"": ""none"", ""topology"": ""c79fc31c0909""}"
508,#06-106,L6,106,3R,3R-S-A,52d9f1140f48,65.6,"{""kitchen"": ""open"", ""mirror"": true, ""outdoor"": ""none"", ""topology"": ""c79fc31c0909""}"
508,#07-106,L7,106,3R,3R-S-A,52d9f1140f48,65.6,"{""kitchen"": ""open"", ""mirror"": true, ""outdoor"": ""none"", ""topology"": ""c79fc31c0909""}"
508,#08-106,L8,106,3R,3R-S-A,52d9f1140f48,65.6,"{""kitchen"": ""open"", ""mirror"": true, ""outdoor"": ""none"", ""topology"": ""c79fc31c0909""}"
508,#09-106,L9,106,3R,3R-S-A,52d9f1140f48,65.6,"{""kitchen"": ""open"", ""mirror"": true, ""outdoor"": ""none"", ""topology"": ""c79fc31c0909""}"
508,#10-106,L10,106,3R,3R-S-A,52d9f1140f48,65.6,"{""kitchen"": ""open"", ""mirror"": true, ""outdoor"": ""none"", ""topology"": ""c79fc31c0909""}"
508,#11-106,L11,106,3R,3R-S-A,52d9f1140f48,65.6,"{""kitchen"": ""open"", ""mirror"": true, ""outdoor"": ""none"", ""topology"": ""c79fc31c0909""}"
508,#12-106,L12,106,3R,3R-S-A,52d9f1140f48,65.6,"{""kitchen"": ""open"", ""mirror"": true, ""outdoor"": ""none"", ""topology"": ""c79fc31c0909""}"
508,#13-106,L13,106,3R,3R-S-A,52d9f1140f48,65.6,"{""kitchen"": ""open"", ""mirror"": true, ""outdoor"": ""none"", ""topology"": ""c79fc31c0909""}"
508,#14-106,L14,106,3R,3R-S-A,52d9f1140f48,65.6,"{""kitchen"": ""open"", ""mirror"": true, ""outdoor"": ""none"", ""topology"": ""c79fc31c0909""}"
508,#02-107,L2,107,2RF,2RF38-S,00f52fce6aa8,37.2,"{""kitchen"": ""closed"", ""mirror"": false, ""outdoor"": ""none"", ""topology"": ""3c0f605d01ee""}"
508,#03-107,L3,107,2RF,2RF38-S,00f52fce6aa8,37.2,"{""kitchen"": ""closed"", ""mirror"": false, ""outdoor"": ""none"", ""topology"": ""3c0f605d01ee""}"
508,#04-107,L4,107,2RF,2RF38-S,00f52fce6aa8,37.2,"{""kitchen"": ""closed"", ""mirror"": false, ""outdoor"": ""none"", ""topology"": ""3c0f605d01ee""}"
508,#05-107,L5,107,2RF,2RF38-S,00f52fce6aa8,37.2,"{""kitchen"": ""closed"", ""mirror"": false, ""outdoor"": ""none"", ""topology"": ""3c0f605d01ee""}"
508,#06-107,L6,107,2RF,2RF38-S,00f52fce6aa8,37.2,"{""kitchen"": ""closed"", ""mirror"": false, ""outdoor"": ""none"", ""topology"": ""3c0f605d01ee""}"
508,#07-107,L7,107,2RF,2RF38-S,00f52fce6aa8,37.2,"{""kitchen"": ""closed"", ""mirror"": false, ""outdoor"": ""none"", ""topology"": ""3c0f605d01ee""}"
508,#08-107,L8,107,2RF,2RF38-S,00f52fce6aa8,37.2,"{""kitchen"": ""closed"", ""mirror"": false, ""outdoor"": ""none"", ""topology"": ""3c0f605d01ee""}"
508,#09-107,L9,107,2RF,2RF38-S,00f52fce6aa8,37.2,"{""kitchen"": ""closed"", ""mirror"": false, ""outdoor"": ""none"", ""topology"": ""3c0f605d01ee""}"
508,#10-107,L10,107,2RF,2RF38-S,00f52fce6aa8,37.2,"{""kitchen"": ""closed"", ""mirror"": false, ""outdoor"": ""none"", ""topology"": ""3c0f605d01ee""}"
508,#11-107,L11,107,2RF,2RF38-S,00f52fce6aa8,37.2,"{""kitchen"": ""closed"", ""mirror"": false, ""outdoor"": ""none"", ""topology"": ""3c0f605d01ee""}"
508,#12-107,L12,107,2RF,2RF38-S,00f52fce6aa8,37.2,"{""kitchen"": ""closed"", ""mirror"": false, ""outdoor"": ""none"", ""topology"": ""3c0f605d01ee""}"
508,#13-107,L13,107,2RF,2RF38-S,00f52fce6aa8,37.2,"{""kitchen"": ""closed"", ""mirror"": false, ""outdoor"": ""none"", ""topology"": ""3c0f605d01ee""}"
508,#14-107,L14,107,2RF,2RF38-S,00f52fce6aa8,37.2,"{""kitchen"": ""closed"", ""mirror"": false, ""outdoor"": ""none"", ""topology"": ""3c0f605d01ee""}"
508,#02-108,L2,108,2RF,2RF47-S,4f1e87675ba3,47.4,"{""kitchen"": ""open"", ""mechanical_vent"": [""BA""], ""mirror"": true, ""outdoor"": ""ac_ledge"", ""topology"": ""65dee422c2a3""}"
508,#03-108,L3,108,2RF,2RF47-S,4f1e87675ba3,47.4,"{""kitchen"": ""open"", ""mechanical_vent"": [""BA""], ""mirror"": true, ""outdoor"": ""ac_ledge"", ""topology"": ""65dee422c2a3""}"
508,#04-108,L4,108,2RF,2RF47-S,4f1e87675ba3,47.4,"{""kitchen"": ""open"", ""mechanical_vent"": [""BA""], ""mirror"": true, ""outdoor"": ""ac_ledge"", ""topology"": ""65dee422c2a3""}"
508,#05-108,L5,108,2RF,2RF47-S,4f1e87675ba3,47.4,"{""kitchen"": ""open"", ""mechanical_vent"": [""BA""], ""mirror"": true, ""outdoor"": ""ac_ledge"", ""topology"": ""65dee422c2a3""}"
508,#06-108,L6,108,2RF,2RF47-S,4f1e87675ba3,47.4,"{""kitchen"": ""open"", ""mechanical_vent"": [""BA""], ""mirror"": true, ""outdoor"": ""ac_ledge"", ""topology"": ""65dee422c2a3""}"
508,#07-108,L7,108,2RF,2RF47-S,4f1e87675ba3,47.4,"{""kitchen"": ""open"", ""mechanical_vent"": [""BA""], ""mirror"": true, ""outdoor"": ""ac_ledge"", ""topology"": ""65dee422c2a3""}"
508,#08-108,L8,108,2RF,2RF47-S,4f1e87675ba3,47.4,"{""kitchen"": ""open"", ""mechanical_vent"": [""BA""], ""mirror"": true, ""outdoor"": ""ac_ledge"", ""topology"": ""65dee422c2a3""}"
508,#09-108,L9,108,2RF,2RF47-S,4f1e87675ba3,47.4,"{""kitchen"": ""open"", ""mechanical_vent"": [""BA""], ""mirror"": true, ""outdoor"": ""ac_ledge"", ""topology"": ""65dee422c2a3""}"
508,#10-108,L10,108,2RF,2RF47-S,4f1e87675ba3,47.4,"{""kitchen"": ""open"", ""mechanical_vent"": [""BA""], ""mirror"": true, ""outdoor"": ""ac_ledge"", ""topology"": ""65dee422c2a3""}"
508,#11-108,L11,108,2RF,2RF47-S,4f1e87675ba3,47.4,"{""kitchen"": ""open"", ""mechanical_vent"": [""BA""], ""mirror"": true, ""outdoor"": ""ac_ledge"", ""topology"": ""65dee422c2a3""}"
508,#12-108,L12,108,2RF,2RF47-S,4f1e87675ba3,47.4,"{""kitchen"": ""open"", ""mechanical_vent"": [""BA""], ""mirror"": true, ""outdoor"": ""ac_ledge"", ""topology"": ""65dee422c2a3""}"
508,#13-108,L13,108,2RF,2RF47-S,4f1e87675ba3,47.4,"{""kitchen"": ""open"", ""mechanical_vent"": [""BA""], ""mirror"": true, ""outdoor"": ""ac_ledge"", ""topology"": ""65dee422c2a3""}"
508,#14-108,L14,108,2RF,2RF47-S,4f1e87675ba3,47.4,"{""kitchen"": ""open"", ""mechanical_vent"": [""BA""], ""mirror"": true, ""outdoor"": ""ac_ledge"", ""topology"": ""65dee422c2a3""}"
509,#02-101,L2,101,2RF,2RF47-S,03f4242ee921,47.4,"{""kitchen"": ""closed"", ""mechanical_vent"": [""BA""], ""mirror"": false, ""outdoor"": ""ac_ledge"", ""topology"": ""65dee422c2a3""}"
509,#03-101,L3,101,2RF,2RF47-S,03f4242ee921,47.4,"{""kitchen"": ""closed"", ""mechanical_vent"": [""BA""], ""mirror"": false, ""outdoor"": ""ac_ledge"", ""topology"": ""65dee422c2a3""}"
509,#04-101,L4,101,2RF,2RF47-S,03f4242ee921,47.4,"{""kitchen"": ""closed"", ""mechanical_vent"": [""BA""], ""mirror"": false, ""outdoor"": ""ac_ledge"", ""topology"": ""65dee422c2a3""}"
509,#05-101,L5,101,2RF,2RF47-S,03f4242ee921,47.4,"{""kitchen"": ""closed"", ""mechanical_vent"": [""BA""], ""mirror"": false, ""outdoor"": ""ac_ledge"", ""topology"": ""65dee422c2a3""}"
509,#06-101,L6,101,2RF,2RF47-S,03f4242ee921,47.4,"{""kitchen"": ""closed"", ""mechanical_vent"": [""BA""], ""mirror"": false, ""outdoor"": ""ac_ledge"", ""topology"": ""65dee422c2a3""}"
509,#07-101,L7,101,2RF,2RF47-S,03f4242ee921,47.4,"{""kitchen"": ""closed"", ""mechanical_vent"": [""BA""], ""mirror"": false, ""outdoor"": ""ac_ledge"", ""topology"": ""65dee422c2a3""}"
509,#08-101,L8,101,2RF,2RF47-S,03f4242ee921,47.4,"{""kitchen"": ""closed"", ""mechanical_vent"": [""BA""], ""mirror"": false, ""outdoor"": ""ac_ledge"", ""topology"": ""65dee422c2a3""}"
509,#09-101,L9,101,2RF,2RF47-S,03f4242ee921,47.4,"{""kitchen"": ""closed"", ""mechanical_vent"": [""BA""], ""mirror"": false, ""outdoor"": ""ac_ledge"", ""topology"": ""65dee422c2a3""}"
509,#10-101,L10,101,2RF,2RF47-S,03f4242ee921,47.4,"{""kitchen"": ""closed"", ""mechanical_vent"": [""BA""], ""mirror"": false, ""outdoor"": ""ac_ledge"", ""topology"": ""65dee422c2a3""}"
509,#11-101,L11,101,2RF,2RF47-S,03f4242ee921,47.4,"{""kitchen"": ""closed"", ""mechanical_vent"": [""BA""], ""mirror"": false, ""outdoor"": ""ac_ledge"", ""topology"": ""65dee422c2a3""}"
509,#12-101,L12,101,2RF,2RF47-S,03f4242ee921,47.4,"{""kitchen"": ""closed"", ""mechanical_vent"": [""BA""], ""mirror"": false, ""outdoor"": ""ac_ledge"", ""topology"": ""65dee422c2a3""}"
509,#13-101,L13,101,2RF,2RF47-S,03f4242ee921,47.4,"{""kitchen"": ""closed"", ""mechanical_vent"": [""BA""], ""mirror"": false, ""outdoor"": ""ac_ledge"", ""topology"": ""65dee422c2a3""}"
509,#14-101,L14,101,2RF,2RF47-S,03f4242ee921,47.4,"{""kitchen"": ""closed"", ""mechanical_vent"": [""BA""], ""mirror"": false, ""outdoor"": ""ac_ledge"", ""topology"": ""65dee422c2a3""}"
509,#15-101,L15,101,2RF,2RF47-S,03f4242ee921,47.4,"{""kitchen"": ""closed"", ""mechanical_vent"": [""BA""], ""mirror"": false, ""outdoor"": ""ac_ledge"", ""topology"": ""65dee422c2a3""}"
509,#16-101,L16,101,2RF,2RF47-S,03f4242ee921,47.4,"{""kitchen"": ""closed"", ""mechanical_vent"": [""BA""], ""mirror"": false, ""outdoor"": ""ac_ledge"", ""topology"": ""65dee422c2a3""}"
509,#02-102,L2,102,2RF,2RF38-S,9c74dec9b05d,37.9,"{""kitchen"": ""closed"", ""mirror"": true, ""outdoor"": ""ac_ledge"", ""topology"": ""3c0f605d01ee""}"
509,#03-102,L3,102,2RF,2RF38-S,9c74dec9b05d,37.9,"{""kitchen"": ""closed"", ""mirror"": true, ""outdoor"": ""ac_ledge"", ""topology"": ""3c0f605d01ee""}"
509,#04-102,L4,102,2RF,2RF38-S,9c74dec9b05d,37.9,"{""kitchen"": ""closed"", ""mirror"": true, ""outdoor"": ""ac_ledge"", ""topology"": ""3c0f605d01ee""}"
509,#05-102,L5,102,2RF,2RF38-S,9c74dec9b05d,37.9,"{""kitchen"": ""closed"", ""mirror"": true, ""outdoor"": ""ac_ledge"", ""topology"": ""3c0f605d01ee""}"
509,#06-102,L6,102,2RF,2RF38-S,9c74dec9b05d,37.9,"{""kitchen"": ""closed"", ""mirror"": true, ""outdoor"": ""ac_ledge"", ""topology"": ""3c0f605d01ee""}"
509,#07-102,L7,102,2RF,2RF38-S,9c74dec9b05d,37.9,"{""kitchen"": ""closed"", ""mirror"": true, ""outdoor"": ""ac_ledge"", ""topology"": ""3c0f605d01ee""}"
509,#08-102,L8,102,2RF,2RF38-S,9c74dec9b05d,37.9,"{""kitchen"": ""closed"", ""mirror"": true, ""outdoor"": ""ac_ledge"", ""topology"": ""3c0f605d01ee""}"
509,#09-102,L9,102,2RF,2RF38-S,9c74dec9b05d,37.9,"{""kitchen"": ""closed"", ""mirror"": true, ""outdoor"": ""ac_ledge"", ""topology"": ""3c0f605d01ee""}"
509,#10-102,L10,102,2RF,2RF38-S,9c74dec9b05d,37.9,"{""kitchen"": ""closed"", ""mirror"": true, ""outdoor"": ""ac_ledge"", ""topology"": ""3c0f605d01ee""}"
509,#11-102,L11,102,2RF,2RF38-S,9c74dec9b05d,37.9,"{""kitchen"": ""closed"", ""mirror"": true, ""outdoor"": ""ac_ledge"", ""topology"": ""3c0f605d01ee""}"
509,#12-102,L12,102,2RF,2RF38-S,9c74dec9b05d,37.9,"{""kitchen"": ""closed"", ""mirror"": true, ""outdoor"": ""ac_ledge"", ""topology"": ""3c0f605d01ee""}"
509,#13-102,L13,102,2RF,2RF38-S,9c74dec9b05d,37.9,"{""kitchen"": ""closed"", ""mirror"": true, ""outdoor"": ""ac_ledge"", ""topology"": ""3c0f605d01ee""}"
509,#14-102,L14,102,2RF,2RF38-S,9c74dec9b05d,37.9,"{""kitchen"": ""closed"", ""mirror"": true, ""outdoor"": ""ac_ledge"", ""topology"": ""3c0f605d01ee""}"
509,#15-102,L15,102,2RF,2RF38-S,9c74dec9b05d,37.9,"{""kitchen"": ""closed"", ""mirror"": true, ""outdoor"": ""ac_ledge"", ""topology"": ""3c0f605d01ee""}"
509,#16-102,L16,102,2RF,2RF38-S,9c74dec9b05d,37.9,"{""kitchen"": ""closed"", ""mirror"": true, ""outdoor"": ""ac_ledge"", ""topology"": ""3c0f605d01ee""}"
509,#02-103,L2,103,3R,3R-S-A,0d2248b121e5,65.6,"{""kitchen"": ""open"", ""mirror"": false, ""outdoor"": ""none"", ""topology"": ""c79fc31c0909""}"
509,#03-103,L3,103,3R,3R-S-A,0d2248b121e5,65.6,"{""kitchen"": ""open"", ""mirror"": false, ""outdoor"": ""none"", ""topology"": ""c79fc31c0909""}"
509,#04-103,L4,103,3R,3R-S-A,0d2248b121e5,65.6,"{""kitchen"": ""open"", ""mirror"": false, ""outdoor"": ""none"", ""topology"": ""c79fc31c0909""}"
509,#05-103,L5,103,3R,3R-S-A,0d2248b121e5,65.6,"{""kitchen"": ""open"", ""mirror"": false, ""outdoor"": ""none"", ""topology"": ""c79fc31c0909""}"
509,#06-103,L6,103,3R,3R-S-A,0d2248b121e5,65.6,"{""kitchen"": ""open"", ""mirror"": false, ""outdoor"": ""none"", ""topology"": ""c79fc31c0909""}"
509,#07-103,L7,103,3R,3R-S-A,0d2248b121e5,65.6,"{""kitchen"": ""open"", ""mirror"": false, ""outdoor"": ""none"", ""topology"": ""c79fc31c0909""}"
509,#08-103,L8,103,3R,3R-S-A,0d2248b121e5,65.6,"{""kitchen"": ""open"", ""mirror"": false, ""outdoor"": ""none"", ""topology"": ""c79fc31c0909""}"
509,#09-103,L9,103,3R,3R-S-A,0d2248b121e5,65.6,"{""kitchen"": ""open"", ""mirror"": false, ""outdoor"": ""none"", ""topology"": ""c79fc31c0909""}"
509,#10-103,L10,103,3R,3R-S-A,0d2248b121e5,65.6,"{""kitchen"": ""open"", ""mirror"": false, ""outdoor"": ""none"", ""topology"": ""c79fc31c0909""}"
509,#11-103,L11,103,3R,3R-S-A,0d2248b121e5,65.6,"{""kitchen"": ""open"", ""mirror"": false, ""outdoor"": ""none"", ""topology"": ""c79fc31c0909""}"
509,#12-103,L12,103,3R,3R-S-A,0d2248b121e5,65.6,"{""kitchen"": ""open"", ""mirror"": false, ""outdoor"": ""none"", ""topology"": ""c79fc31c0909""}"
509,#13-103,L13,103,3R,3R-S-A,0d2248b121e5,65.6,"{""kitchen"": ""open"", ""mirror"": false, ""outdoor"": ""none"", ""topology"": ""c79fc31c0909""}"
509,#14-103,L14,103,3R,3R-S-A,0d2248b121e5,65.6,"{""kitchen"": ""open"", ""mirror"": false, ""outdoor"": ""none"", ""topology"": ""c79fc31c0909""}"
509,#15-103,L15,103,3R,3R-S-A,0d2248b121e5,65.6,"{""kitchen"": ""open"", ""mirror"": false, ""outdoor"": ""none"", ""topology"": ""c79fc31c0909""}"
509,#16-103,L16,103,3R,3R-S-A,0d2248b121e5,65.6,"{""kitchen"": ""open"", ""mirror"": false, ""outdoor"": ""none"", ""topology"": ""c79fc31c0909""}"
509,#02-104,L2,104,4R,4R-S-A,df85546c8071,91.5,"{""kitchen"": ""open"", ""mechanical_vent"": [""MBa""], ""mirror"": true, ""outdoor"": ""ac_ledge"", ""topology"": ""710fde88a1d6""}"
509,#03-104,L3,104,4R,4R-S-A,df85546c8071,91.5,"{""kitchen"": ""open"", ""mechanical_vent"": [""MBa""], ""mirror"": true, ""outdoor"": ""ac_ledge"", ""topology"": ""710fde88a1d6""}"
509,#04-104,L4,104,4R,4R-S-A,df85546c8071,91.5,"{""kitchen"": ""open"", ""mechanical_vent"": [""MBa""], ""mirror"": true, ""outdoor"": ""ac_ledge"", ""topology"": ""710fde88a1d6""}"
509,#05-104,L5,104,4R,4R-S-A,df85546c8071,91.5,"{""kitchen"": ""open"", ""mechanical_vent"": [""MBa""], ""mirror"": true, ""outdoor"": ""ac_ledge"", ""topology"": ""710fde88a1d6""}"
509,#06-104,L6,104,4R,4R-S-A,df85546c8071,91.5,"{""kitchen"": ""open"", ""mechanical_vent"": [""MBa""], ""mirror"": true, ""outdoor"": ""ac_ledge"", ""topology"": ""710fde88a1d6""}"
509,#07-104,L7,104,4R,4R-S-A,df85546c8071,91.5,"{""kitchen"": ""open"", ""mechanical_vent"": [""MBa""], ""mirror"": true, ""outdoor"": ""ac_ledge"", ""topology"": ""710fde88a1d6""}"
509,#08-104,L8,104,4R,4R-S-A,df85546c8071,91.5,"{""kitchen"": ""open"", ""mechanical_vent"": [""MBa""], ""mirror"": true, ""outdoor"": ""ac_ledge"", ""topology"": ""710fde88a1d6""}"
509,#09-104,L9,104,4R,4R-S-A,df85546c8071,91.5,"{""kitchen"": ""open"", ""mechanical_vent"": [""MBa""], ""mirror"": true, ""outdoor"": ""ac_ledge"", ""topology"": ""710fde88a1d6""}"
509,#10-104,L10,104,4R,4R-S-A,df85546c8071,91.5,"{""kitchen"": ""open"", ""mechanical_vent"": [""MBa""], ""mirror"": true, ""outdoor"": ""ac_ledge"", ""topology"": ""710fde88a1d6""}"
509,#11-104,L11,104,4R,4R-S-A,df85546c8071,91.5,"{""kitchen"": ""open"", ""mechanical_vent"": [""MBa""], ""mirror"": true, ""outdoor"": ""ac_ledge"", ""topology"": ""710fde88a1d6""}"
509,#12-104,L12,104,4R,4R-S-A,df85546c8071,91.5,"{""kitchen"": ""open"", ""mechanical_vent"": [""MBa""], ""mirror"": true, ""outdoor"": ""ac_ledge"", ""topology"": ""710fde88a1d6""}"
509,#13-104,L13,104,4R,4R-S-A,df85546c8071,91.5,"{""kitchen"": ""open"", ""mechanical_vent"": [""MBa""], ""mirror"": true, ""outdoor"": ""ac_ledge"", ""topology"": ""710fde88a1d6""}"
509,#14-104,L14,104,4R,4R-S-A,df85546c8071,91.5,"{""kitchen"": ""open"", ""mechanical_vent"": [""MBa""], ""mirror"": true, ""outdoor"": ""ac_ledge"", ""topology"": ""710fde88a1d6""}"
509,#15-104,L15,104,4R,4R-S-A,df85546c8071,91.5,"{""kitchen"": ""open"", ""mechanical_vent"": [""MBa""], ""mirror"": true, ""outdoor"": ""ac_ledge"", ""topology"": ""710fde88a1d6""}"
509,#16-104,L16,104,4R,4R-S-A,df85546c8071,91.5,"{""kitchen"": ""open"", ""mechanical_vent"": [""MBa""], ""mirror"": true, ""outdoor"": ""ac_ledge"", ""topology"": ""710fde88a1d6""}"
509,#02-105,L2,105,4R,4R-S-B,e830b568854a,91.8,"{""kitchen"": ""closed"", ""mechanical_vent"": [""CB""], ""mirror"": false, ""outdoor"": ""none"", ""topology"": ""c31c783e4705""}"
509,#03-105,L3,105,4R,4R-S-B,e830b568854a,91.8,"{""kitchen"": ""closed"", ""mechanical_vent"": [""CB""], ""mirror"": false, ""outdoor"": ""none"", ""topology"": ""c31c783e4705""}"
509,#04-105,L4,105,4R,4R-S-B,e830b568854a,91.8,"{""kitchen"": ""closed"", ""mechanical_vent"": [""CB""], ""mirror"": false, ""outdoor"": ""none"", ""topology"": ""c31c783e4705""}"
509,#05-105,L5,105,4R,4R-S-B,e830b568854a,91.8,"{""kitchen"": ""closed"", ""mechanical_vent"": [""CB""], ""mirror"": false, ""outdoor"": ""none"", ""topology"": ""c31c783e4705""}"
509,#06-105,L6,105,4R,4R-S-B,e830b568854a,91.8,"{""kitchen"": ""closed"", ""mechanical_vent"": [""CB""], ""mirror"": false, ""outdoor"": ""none"", ""topology"": ""c31c783e4705""}"
509,#07-105,L7,105,4R,4R-S-B,e830b568854a,91.8,"{""kitchen"": ""closed"", ""mechanical_vent"": [""CB""], ""mirror"": false, ""outdoor"": ""none"", ""topology"": ""c31c783e4705""}"
509,#08-105,L8,105,4R,4R-S-B,e830b568854a,91.8,"{""kitchen"": ""closed"", ""mechanical_vent"": [""CB""], ""mirror"": false, ""outdoor"": ""none"", ""topology"": ""c31c783e4705""}"
509,#09-105,L9,105,4R,4R-S-B,e830b568854a,91.8,"{""kitchen"": ""closed"", ""mechanical_vent"": [""CB""], ""mirror"": false, ""outdoor"": ""none"", ""topology"": ""c31c783e4705""}"
509,#10-105,L10,105,4R,4R-S-B,e830b568854a,91.8,"{""kitchen"": ""closed"", ""mechanical_vent"": [""CB""], ""mirror"": false, ""outdoor"": ""none"", ""topology"": ""c31c783e4705""}"
509,#11-105,L11,105,4R,4R-S-B,e830b568854a,91.8,"{""kitchen"": ""closed"", ""mechanical_vent"": [""CB""], ""mirror"": false, ""outdoor"": ""none"", ""topology"": ""c31c783e4705""}"
509,#12-105,L12,105,4R,4R-S-B,e830b568854a,91.8,"{""kitchen"": ""closed"", ""mechanical_vent"": [""CB""], ""mirror"": false, ""outdoor"": ""none"", ""topology"": ""c31c783e4705""}"
509,#13-105,L13,105,4R,4R-S-B,e830b568854a,91.8,"{""kitchen"": ""closed"", ""mechanical_vent"": [""CB""], ""mirror"": false, ""outdoor"": ""none"", ""topology"": ""c31c783e4705""}"
509,#14-105,L14,105,4R,4R-S-B,e830b568854a,91.8,"{""kitchen"": ""closed"", ""mechanical_vent"": [""CB""], ""mirror"": false, ""outdoor"": ""none"", ""topology"": ""c31c783e4705""}"
509,#15-105,L15,105,4R,4R-S-B,e830b568854a,91.8,"{""kitchen"": ""closed"", ""mechanical_vent"": [""CB""], ""mirror"": false, ""outdoor"": ""none"", ""topology"": ""c31c783e4705""}"
509,#16-105,L16,105,4R,4R-S-B,e830b568854a,91.8,"{""kitchen"": ""closed"", ""mechanical_vent"": [""CB""], ""mirror"": false, ""outdoor"": ""none"", ""topology"": ""c31c783e4705""}"
509,#02-106,L2,106,5R,5R-S-A,f18a843673cf,109.4,"{""kitchen"": ""closed"", ""mechanical_vent"": [""MBa""], ""mirror"": true, ""outdoor"": ""none"", ""topology"": ""6b0ee4ebcdf3""}"
509,#03-106,L3,106,5R,5R-S-A,f18a843673cf,109.4,"{""kitchen"": ""closed"", ""mechanical_vent"": [""MBa""], ""mirror"": true, ""outdoor"": ""none"", ""topology"": ""6b0ee4ebcdf3""}"
509,#04-106,L4,106,5R,5R-S-A,f18a843673cf,109.4,"{""kitchen"": ""closed"", ""mechanical_vent"": [""MBa""], ""mirror"": true, ""outdoor"": ""none"", ""topology"": ""6b0ee4ebcdf3""}"
509,#05-106,L5,106,5R,5R-S-A,f18a843673cf,109.4,"{""kitchen"": ""closed"", ""mechanical_vent"": [""MBa""], ""mirror"": true, ""outdoor"": ""none"", ""topology"": ""6b0ee4ebcdf3""}"
509,#06-106,L6,106,5R,5R-S-A,f18a843673cf,109.4,"{""kitchen"": ""closed"", ""mechanical_vent"": [""MBa""], ""mirror"": true, ""outdoor"": ""none"", ""topology"": ""6b0ee4ebcdf3""}"
509,#07-106,L7,106,5R,5R-S-A,f18a843673cf,109.4,"{""kitchen"": ""closed"", ""mechanical_vent"": [""MBa""], ""mirror"": true, ""outdoor"": ""none"", ""topology"": ""6b0ee4ebcdf3""}"
509,#08-106,L8,106,5R,5R-S-A,f18a843673cf,109.4,"{""kitchen"": ""closed"", ""mechanical_vent"": [""MBa""], ""mirror"": true, ""outdoor"": ""none"", ""topology"": ""6b0ee4ebcdf3""}"
509,#09-106,L9,106,5R,5R-S-A,f18a843673cf,109.4,"{""kitchen"": ""closed"", ""mechanical_vent"": [""MBa""], ""mirror"": true, ""outdoor"": ""none"", ""topology"": ""6b0ee4ebcdf3""}"
509,#10-106,L10,106,5R,5R-S-A,f18a843673cf,109.4,"{""kitchen"": ""closed"", ""mechanical_vent"": [""MBa""], ""mirror"": true, ""outdoor"": ""none"", ""topology"": ""6b0ee4ebcdf3""}"
509,#11-106,L11,106,5R,5R-S-A,f18a843673cf,109.4,"{""kitchen"": ""closed"", ""mechanical_vent"": [""MBa""], ""mirror"": true, ""outdoor"": ""none"", ""topology"": ""6b0ee4ebcdf3""}"
509,#12-106,L12,106,5R,5R-S-A,f18a843673cf,109.4,"{""kitchen"": ""closed"", ""mechanical_vent"": [""MBa""], ""mirror"": true, ""outdoor"": ""none"", ""topology"": ""6b0ee4ebcdf3""}"
509,#13-106,L13,106,5R,5R-S-A,f18a843673cf,109.4,"{""kitchen"": ""closed"", ""mechanical_vent"": [""MBa""], ""mirror"": true, ""outdoor"": ""none"", ""topology"": ""6b0ee4ebcdf3""}"
509,#14-106,L14,106,5R,5R-S-A,f18a843673cf,109.4,"{""kitchen"": ""closed"", ""mechanical_vent"": [""MBa""], ""mirror"": true, ""outdoor"": ""none"", ""topology"": ""6b0ee4ebcdf3""}"
509,#15-106,L15,106,5R,5R-S-A,f18a843673cf,109.4,"{""kitchen"": ""closed"", ""mechanical_vent"": [""MBa""], ""mirror"": true, ""outdoor"": ""none"", ""topology"": ""6b0ee4ebcdf3""}"
509,#16-106,L16,106,5R,5R-S-A,f18a843673cf,109.4,"{""kitchen"": ""closed"", ""mechanical_vent"": [""MBa""], ""mirror"": true, ""outdoor"": ""none"", ""topology"": ""6b0ee4ebcdf3""}"
509,#02-107,L2,107,5R,5R-S-A,aac8e34cf226,110.8,"{""kitchen"": ""closed"", ""mechanical_vent"": [""MBa""], ""mirror"": false, ""outdoor"": ""ac_ledge"", ""topology"": ""6b0ee4ebcdf3""}"
509,#03-107,L3,107,5R,5R-S-A,aac8e34cf226,110.8,"{""kitchen"": ""closed"", ""mechanical_vent"": [""MBa""], ""mirror"": false, ""outdoor"": ""ac_ledge"", ""topology"": ""6b0ee4ebcdf3""}"
509,#04-107,L4,107,5R,5R-S-A,aac8e34cf226,110.8,"{""kitchen"": ""closed"", ""mechanical_vent"": [""MBa""], ""mirror"": false, ""outdoor"": ""ac_ledge"", ""topology"": ""6b0ee4ebcdf3""}"
509,#05-107,L5,107,5R,5R-S-A,aac8e34cf226,110.8,"{""kitchen"": ""closed"", ""mechanical_vent"": [""MBa""], ""mirror"": false, ""outdoor"": ""ac_ledge"", ""topology"": ""6b0ee4ebcdf3""}"
509,#06-107,L6,107,5R,5R-S-A,aac8e34cf226,110.8,"{""kitchen"": ""closed"", ""mechanical_vent"": [""MBa""], ""mirror"": false, ""outdoor"": ""ac_ledge"", ""topology"": ""6b0ee4ebcdf3""}"
509,#07-107,L7,107,5R,5R-S-A,aac8e34cf226,110.8,"{""kitchen"": ""closed"", ""mechanical_vent"": [""MBa""], ""mirror"": false, ""outdoor"": ""ac_ledge"", ""topology"": ""6b0ee4ebcdf3""}"
509,#08-107,L8,107,5R,5R-S-A,aac8e34cf226,110.8,"{""kitchen"": ""closed"", ""mechanical_vent"": [""MBa""], ""mirror"": false, ""outdoor"": ""ac_ledge"", ""topology"": ""6b0ee4ebcdf3""}"
509,#09-107,L9,107,5R,5R-S-A,aac8e34cf226,110.8,"{""kitchen"": ""closed"", ""mechanical_vent"": [""MBa""], ""mirror"": false, ""outdoor"": ""ac_ledge"", ""topology"": ""6b0ee4ebcdf3""}"
509,#10-107,L10,107,5R,5R-S-A,aac8e34cf226,110.8,"{""kitchen"": ""closed"", ""mechanical_vent"": [""MBa""], ""mirror"": false, ""outdoor"": ""ac_ledge"", ""topology"": ""6b0ee4ebcdf3""}"
509,#11-107,L11,107,5R,5R-S-A,aac8e34cf226,110.8,"{""kitchen"": ""closed"", ""mechanical_vent"": [""MBa""], ""mirror"": false, ""outdoor"": ""ac_ledge"", ""topology"": ""6b0ee4ebcdf3""}"
509,#12-107,L12,107,5R,5R-S-A,aac8e34cf226,110.8,"{""kitchen"": ""closed"", ""mechanical_vent"": [""MBa""], ""mirror"": false, ""outdoor"": ""ac_ledge"", ""topology"": ""6b0ee4ebcdf3""}"
509,#13-107,L13,107,5R,5R-S-A,aac8e34cf226,110.8,"{""kitchen"": ""closed"", ""mechanical_vent"": [""MBa""], ""mirror"": false, ""outdoor"": ""ac_ledge"", ""topology"": ""6b0ee4ebcdf3""}"
509,#14-107,L14,107,5R,5R-S-A,aac8e34cf226,110.8,"{""kitchen"": ""closed"", ""mechanical_vent"": [""MBa""], ""mirror"": false, ""outdoor"": ""ac_ledge"", ""topology"": ""6b0ee4ebcdf3""}"
509,#15-107,L15,107,5R,5R-S-A,aac8e34cf226,110.8,"{""kitchen"": ""closed"", ""mechanical_vent"": [""MBa""], ""mirror"": false, ""outdoor"": ""ac_ledge"", ""topology"": ""6b0ee4ebcdf3""}"
509,#16-107,L16,107,5R,5R-S-A,aac8e34cf226,110.8,"{""kitchen"": ""closed"", ""mechanical_vent"": [""MBa""], ""mirror"": false, ""outdoor"": ""ac_ledge"", ""topology"": ""6b0ee4ebcdf3""}"
509,#02-108,L2,108,4R,4R-S-B,e830b568854a,91.8,"{""kitchen"": ""closed"", ""mechanical_vent"": [""CB""], ""mirror"": false, ""outdoor"": ""none"", ""topology"": ""c31c783e4705""}"
509,#03-108,L3,108,4R,4R-S-B,e830b568854a,91.8,"{""kitchen"": ""closed"", ""mechanical_vent"": [""CB""], ""mirror"": false, ""outdoor"": ""none"", ""topology"": ""c31c783e4705""}"
509,#04-108,L4,108,4R,4R-S-B,e830b568854a,91.8,"{""kitchen"": ""closed"", ""mechanical_vent"": [""CB""], ""mirror"": false, ""outdoor"": ""none"", ""topology"": ""c31c783e4705""}"
509,#05-108,L5,108,4R,4R-S-B,e830b568854a,91.8,"{""kitchen"": ""closed"", ""mechanical_vent"": [""CB""], ""mirror"": false, ""outdoor"": ""none"", ""topology"": ""c31c783e4705""}"
509,#06-108,L6,108,4R,4R-S-B,e830b568854a,91.8,"{""kitchen"": ""closed"", ""mechanical_vent"": [""CB""], ""mirror"": false, ""outdoor"": ""none"", ""topology"": ""c31c783e4705""}"
509,#07-108,L7,108,4R,4R-S-B,e830b568854a,91.8,"{""kitchen"": ""closed"", ""mechanical_vent"": [""CB""], ""mirror"": false, ""outdoor"": ""none"", ""topology"": ""c31c783e4705""}"
509,#08-108,L8,108,4R,4R-S-B,e830b568854a,91.8,"{""kitchen"": ""closed"", ""mechanical_vent"": [""CB""], ""mirror"": false, ""outdoor"": ""none"", ""topology"": ""c31c783e4705""}"
509,#09-108,L9,108,4R,4R-S-B,e830b568854a,91.8,"{""kitchen"": ""closed"", ""mechanical_vent"": [""CB""], ""mirror"": false, ""outdoor"": ""none"", ""topology"": ""c31c783e4705""}"
509,#10-108,L10,108,4R,4R-S-B,e830b568854a,91.8,"{""kitchen"": ""closed"", ""mechanical_vent"": [""CB""], ""mirror"": false, ""outdoor"": ""none"", ""topology"": ""c31c783e4705""}"
509,#11-108,L11,108,4R,4R-S-B,e830b568854a,91.8,"{""kitchen"": ""closed"", ""mechanical_vent"": [""CB""], ""mirror"": false, ""outdoor"": ""none"", ""topology"": ""c31c783e4705""}"
509,#12-108,L12,108,4R,4R-S-B,e830b568854a,91.8,"{""kitchen"": ""closed"", ""mechanical_vent"": [""CB""], ""mirror"": false, ""outdoor"": ""none"", ""topology"": ""c31c783e4705""}"
509,#13-108,L13,108,4R,4R-S-B,e830b568854a,91.8,"{""kitchen"": ""closed"", ""mechanical_vent"": [""CB""], ""mirror"": false, ""outdoor"": ""none"", ""topology"": ""c31c783e4705""}"
509,#14-108,L14,108,4R,4R-S-B,e830b568854a,91.8,"{""kitchen"": ""closed"", ""mechanical_vent"": [""CB""], ""mirror"": false, ""outdoor"": ""none"", ""topology"": ""c31c783e4705""}"
509,#15-108,L15,108,4R,4R-S-B,e830b568854a,91.8,"{""kitchen"": ""closed"", ""mechanical_vent"": [""CB""], ""mirror"": false, ""outdoor"": ""none"", ""topology"": ""c31c783e4705""}"
509,#16-108,L16,108,4R,4R-S-B,e830b568854a,91.8,"{""kitchen"": ""closed"", ""mechanical_vent"": [""CB""], ""mirror"": false, ""outdoor"": ""none"", ""topology"": ""c31c783e4705""}"
509,#02-109,L2,109,4R,4R-S-A,0b73db42933d,90.2,"{""kitchen"": ""open"", ""mechanical_vent"": [""MBa""], ""mirror"": true, ""outdoor"": ""none"", ""topology"": ""710fde88a1d6""}"
509,#03-109,L3,109,4R,4R-S-A,0b73db42933d,90.2,"{""kitchen"": ""open"", ""mechanical_vent"": [""MBa""], ""mirror"": true, ""outdoor"": ""none"", ""topology"": ""710fde88a1d6""}"
509,#04-109,L4,109,4R,4R-S-A,0b73db42933d,90.2,"{""kitchen"": ""open"", ""mechanical_vent"": [""MBa""], ""mirror"": true, ""outdoor"": ""none"", ""topology"": ""710fde88a1d6""}"
509,#05-109,L5,109,4R,4R-S-A,0b73db42933d,90.2,"{""kitchen"": ""open"", ""mechanical_vent"": [""MBa""], ""mirror"": true, ""outdoor"": ""none"", ""topology"": ""710fde88a1d6""}"
509,#06-109,L6,109,4R,4R-S-A,0b73db42933d,90.2,"{""kitchen"": ""open"", ""mechanical_vent"": [""MBa""], ""mirror"": true, ""outdoor"": ""none"", ""topology"": ""710fde88a1d6""}"
509,#07-109,L7,109,4R,4R-S-A,0b73db42933d,90.2,"{""kitchen"": ""open"", ""mechanical_vent"": [""MBa""], ""mirror"": true, ""outdoor"": ""none"", ""topology"": ""710fde88a1d6""}"
509,#08-109,L8,109,4R,4R-S-A,0b73db42933d,90.2,"{""kitchen"": ""open"", ""mechanical_vent"": [""MBa""], ""mirror"": true, ""outdoor"": ""none"", ""topology"": ""710fde88a1d6""}"
509,#09-109,L9,109,4R,4R-S-A,0b73db42933d,90.2,"{""kitchen"": ""open"", ""mechanical_vent"": [""MBa""], ""mirror"": true, ""outdoor"": ""none"", ""topology"": ""710fde88a1d6""}"
509,#10-109,L10,109,4R,4R-S-A,0b73db42933d,90.2,"{""kitchen"": ""open"", ""mechanical_vent"": [""MBa""], ""mirror"": true, ""outdoor"": ""none"", ""topology"": ""710fde88a1d6""}"
509,#11-109,L11,109,4R,4R-S-A,0b73db42933d,90.2,"{""kitchen"": ""open"", ""mechanical_vent"": [""MBa""], ""mirror"": true, ""outdoor"": ""none"", ""topology"": ""710fde88a1d6""}"
509,#12-109,L12,109,4R,4R-S-A,0b73db42933d,90.2,"{""kitchen"": ""open"", ""mechanical_vent"": [""MBa""], ""mirror"": true, ""outdoor"": ""none"", ""topology"": ""710fde88a1d6""}"
509,#13-109,L13,109,4R,4R-S-A,0b73db42933d,90.2,"{""kitchen"": ""open"", ""mechanical_vent"": [""MBa""], ""mirror"": true, ""outdoor"": ""none"", ""topology"": ""710fde88a1d6""}"
509,#14-109,L14,109,4R,4R-S-A,0b73db42933d,90.2,"{""kitchen"": ""open"", ""mechanical_vent"": [""MBa""], ""mirror"": true, ""outdoor"": ""none"", ""topology"": ""710fde88a1d6""}"
509,#15-109,L15,109,4R,4R-S-A,0b73db42933d,90.2,"{""kitchen"": ""open"", ""mechanical_vent"": [""MBa""], ""mirror"": true, ""outdoor"": ""none"", ""topology"": ""710fde88a1d6""}"
509,#16-109,L16,109,4R,4R-S-A,0b73db42933d,90.2,"{""kitchen"": ""open"", ""mechanical_vent"": [""MBa""], ""mirror"": true, ""outdoor"": ""none"", ""topology"": ""710fde88a1d6""}"
509,#02-110,L2,110,3R,3R-S-B,6173b71ddfd8,66.0,"{""kitchen"": ""open"", ""mechanical_vent"": [""CB""], ""mirror"": true, ""outdoor"": ""ac_ledge"", ""topology"": ""6685e356178f""}"
509,#03-110,L3,110,3R,3R-S-B,6173b71ddfd8,66.0,"{""kitchen"": ""open"", ""mechanical_vent"": [""CB""], ""mirror"": true, ""outdoor"": ""ac_ledge"", ""topology"": ""6685e356178f""}"
509,#04-110,L4,110,3R,3R-S-B,6173b71ddfd8,66.0,"{""kitchen"": ""open"", ""mechanical_vent"": [""CB""], ""mirror"": true, ""outdoor"": ""ac_ledge"", ""topology"": ""6685e356178f""}"
509,#05-110,L5,110,3R,3R-S-B,6173b71ddfd8,66.0,"{""kitchen"": ""open"", ""mechanical_vent"": [""CB""], ""mirror"": true, ""outdoor"": ""ac_ledge"", ""topology"": ""6685e356178f""}"
509,#06-110,L6,110,3R,3R-S-B,6173b71ddfd8,66.0,"{""kitchen"": ""open"", ""mechanical_vent"": [""CB""], ""mirror"": true, ""outdoor"": ""ac_ledge"", ""topology"": ""6685e356178f""}"
509,#07-110,L7,110,3R,3R-S-B,6173b71ddfd8,66.0,"{""kitchen"": ""open"", ""mechanical_vent"": [""CB""], ""mirror"": true, ""outdoor"": ""ac_ledge"", ""topology"": ""6685e356178f""}"
509,#08-110,L8,110,3R,3R-S-B,6173b71ddfd8,66.0,"{""kitchen"": ""open"", ""mechanical_vent"": [""CB""], ""mirror"": true, ""outdoor"": ""ac_ledge"", ""topology"": ""6685e356178f""}"
509,#09-110,L9,110,3R,3R-S-B,6173b71ddfd8,66.0,"{""kitchen"": ""open"", ""mechanical_vent"": [""CB""], ""mirror"": true, ""outdoor"": ""ac_ledge"", ""topology"": ""6685e356178f""}"
509,#10-110,L10,110,3R,3R-S-B,6173b71ddfd8,66.0,"{""kitchen"": ""open"", ""mechanical_vent"": [""CB""], ""mirror"": true, ""outdoor"": ""ac_ledge"", ""topology"": ""6685e356178f""}"
509,#11-110,L11,110,3R,3R-S-B,6173b71ddfd8,66.0,"{""kitchen"": ""open"", ""mechanical_vent"": [""CB""], ""mirror"": true, ""outdoor"": ""ac_ledge"", ""topology"": ""6685e356178f""}"
509,#12-110,L12,110,3R,3R-S-B,6173b71ddfd8,66.0,"{""kitchen"": ""open"", ""mechanical_vent"": [""CB""], ""mirror"": true, ""outdoor"": ""ac_ledge"", ""topology"": ""6685e356178f""}"
509,#13-110,L13,110,3R,3R-S-B,6173b71ddfd8,66.0,"{""kitchen"": ""open"", ""mechanical_vent"": [""CB""], ""mirror"": true, ""outdoor"": ""ac_ledge"", ""topology"": ""6685e356178f""}"
509,#14-110,L14,110,3R,3R-S-B,6173b71ddfd8,66.0,"{""kitchen"": ""open"", ""mechanical_vent"": [""CB""], ""mirror"": true, ""outdoor"": ""ac_ledge"", ""topology"": ""6685e356178f""}"
509,#15-110,L15,110,3R,3R-S-B,6173b71ddfd8,66.0,"{""kitchen"": ""open"", ""mechanical_vent"": [""CB""], ""mirror"": true, ""outdoor"": ""ac_ledge"", ""topology"": ""6685e356178f""}"
509,#16-110,L16,110,3R,3R-S-B,6173b71ddfd8,66.0,"{""kitchen"": ""open"", ""mechanical_vent"": [""CB""], ""mirror"": true, ""outdoor"": ""ac_ledge"", ""topology"": ""6685e356178f""}"
510,#02-101,L2,101,4R,4R-S-A,72bf7b1b8f04,90.2,"{""kitchen"": ""closed"", ""mechanical_vent"": [""MBa""], ""mirror"": false, ""outdoor"": ""none"", ""topology"": ""710fde88a1d6""}"
510,#03-101,L3,101,4R,4R-S-A,72bf7b1b8f04,90.2,"{""kitchen"": ""closed"", ""mechanical_vent"": [""MBa""], ""mirror"": false, ""outdoor"": ""none"", ""topology"": ""710fde88a1d6""}"
510,#04-101,L4,101,4R,4R-S-A,72bf7b1b8f04,90.2,"{""kitchen"": ""closed"", ""mechanical_vent"": [""MBa""], ""mirror"": false, ""outdoor"": ""none"", ""topology"": ""710fde88a1d6""}"
510,#05-101,L5,101,4R,4R-S-A,72bf7b1b8f04,90.2,"{""kitchen"": ""closed"", ""mechanical_vent"": [""MBa""], ""mirror"": false, ""outdoor"": ""none"", ""topology"": ""710fde88a1d6""}"
510,#06-101,L6,101,4R,4R-S-A,72bf7b1b8f04,90.2,"{""kitchen"": ""closed"", ""mechanical_vent"": [""MBa""], ""mirror"": false, ""outdoor"": ""none"", ""topology"": ""710fde88a1d6""}"
510,#07-101,L7,101,4R,4R-S-A,72bf7b1b8f04,90.2,"{""kitchen"": ""closed"", ""mechanical_vent"": [""MBa""], ""mirror"": false, ""outdoor"": ""none"", ""topology"": ""710fde88a1d6""}"
510,#08-101,L8,101,4R,4R-S-A,72bf7b1b8f04,90.2,"{""kitchen"": ""closed"", ""mechanical_vent"": [""MBa""], ""mirror"": false, ""outdoor"": ""none"", ""topology"": ""710fde88a1d6""}"
510,#09-101,L9,101,4R,4R-S-A,72bf7b1b8f04,90.2,"{""kitchen"": ""closed"", ""mechanical_vent"": [""MBa""], ""mirror"": false, ""outdoor"": ""none"", ""topology"": ""710fde88a1d6""}"
510,#10-101,L10,101,4R,4R-S-A,72bf7b1b8f04,90.2,"{""kitchen"": ""closed"", ""mechanical_vent"": [""MBa""], ""mirror"": false, ""outdoor"": ""none"", ""topology"": ""710fde88a1d6""}"
510,#11-101,L11,101,4R,4R-S-A,72bf7b1b8f04,90.2,"{""kitchen"": ""closed"", ""mechanical_vent"": [""MBa""], ""mirror"": false, ""outdoor"": ""none"", ""topology"": ""710fde88a1d6""}"
510,#12-101,L12,101,4R,4R-S-A,72bf7b1b8f04,90.2,"{""kitchen"": ""closed"", ""mechanical_vent"": [""MBa""], ""mirror"": false, ""outdoor"": ""none"", ""topology"": ""710fde88a1d6""}"
510,#13-101,L13,101,4R,4R-S-A,72bf7b1b8f04,90.2,"{""kitchen"": ""closed"", ""mechanical_vent"": [""MBa""], ""mirror"": false, ""outdoor"": ""none"", ""topology"": ""710fde88a1d6""}"
510,#14-101,L14,101,4R,4R-S-A,72bf7b1b8f04,90.2,"{""kitchen"": ""closed"", ""mechanical_vent"": [""MBa""], ""mirror"": false, ""outdoor"": ""none"", ""topology"": ""710fde88a1d6""}"
510,#15-101,L15,101,4R,4R-S-A,72bf7b1b8f04,90.2,"{""kitchen"": ""closed"", ""mechanical_vent"": [""MBa""], ""mirror"": false, ""outdoor"": ""none"", ""topology"": ""710fde88a1d6""}"
510,#16-101,L16,101,4R,4R-S-A,72bf7b1b8f04,90.2,"{""kitchen"": ""closed"", ""mechanical_vent"": [""MBa""], ""mirror"": false, ""outdoor"": ""none"", ""topology"": ""710fde88a1d6""}"
510,#02-102,L2,102,5R,5R-L,16e5005821d4,110.7,"{""kitchen"": ""closed"", ""mechanical_vent"": [""CB""], ""mirror"": false, ""outdoor"": ""ac_ledge"", ""topology"": ""5946d5f3acd7""}"
510,#03-102,L3,102,5R,5R-L,16e5005821d4,110.7,"{""kitchen"": ""closed"", ""mechanical_vent"": [""CB""], ""mirror"": false, ""outdoor"": ""ac_ledge"", ""topology"": ""5946d5f3acd7""}"
510,#04-102,L4,102,5R,5R-L,16e5005821d4,110.7,"{""kitchen"": ""closed"", ""mechanical_vent"": [""CB""], ""mirror"": false, ""outdoor"": ""ac_ledge"", ""topology"": ""5946d5f3acd7""}"
510,#05-102,L5,102,5R,5R-L,16e5005821d4,110.7,"{""kitchen"": ""closed"", ""mechanical_vent"": [""CB""], ""mirror"": false, ""outdoor"": ""ac_ledge"", ""topology"": ""5946d5f3acd7""}"
510,#06-102,L6,102,5R,5R-L,16e5005821d4,110.7,"{""kitchen"": ""closed"", ""mechanical_vent"": [""CB""], ""mirror"": false, ""outdoor"": ""ac_ledge"", ""topology"": ""5946d5f3acd7""}"
510,#07-102,L7,102,5R,5R-L,16e5005821d4,110.7,"{""kitchen"": ""closed"", ""mechanical_vent"": [""CB""], ""mirror"": false, ""outdoor"": ""ac_ledge"", ""topology"": ""5946d5f3acd7""}"
510,#08-102,L8,102,5R,5R-L,16e5005821d4,110.7,"{""kitchen"": ""closed"", ""mechanical_vent"": [""CB""], ""mirror"": false, ""outdoor"": ""ac_ledge"", ""topology"": ""5946d5f3acd7""}"
510,#09-102,L9,102,5R,5R-L,16e5005821d4,110.7,"{""kitchen"": ""closed"", ""mechanical_vent"": [""CB""], ""mirror"": false, ""outdoor"": ""ac_ledge"", ""topology"": ""5946d5f3acd7""}"
510,#10-102,L10,102,5R,5R-L,16e5005821d4,110.7,"{""kitchen"": ""closed"", ""mechanical_vent"": [""CB""], ""mirror"": false, ""outdoor"": ""ac_ledge"", ""topology"": ""5946d5f3acd7""}"
510,#11-102,L11,102,5R,5R-L,16e5005821d4,110.7,"{""kitchen"": ""closed"", ""mechanical_vent"": [""CB""], ""mirror"": false, ""outdoor"": ""ac_ledge"", ""topology"": ""5946d5f3acd7""}"
510,#12-102,L12,102,5R,5R-L,16e5005821d4,110.7,"{""kitchen"": ""closed"", ""mechanical_vent"": [""CB""], ""mirror"": false, ""outdoor"": ""ac_ledge"", ""topology"": ""5946d5f3acd7""}"
510,#13-102,L13,102,5R,5R-L,16e5005821d4,110.7,"{""kitchen"": ""closed"", ""mechanical_vent"": [""CB""], ""mirror"": false, ""outdoor"": ""ac_ledge"", ""topology"": ""5946d5f3acd7""}"
510,#14-102,L14,102,5R,5R-L,16e5005821d4,110.7,"{""kitchen"": ""closed"", ""mechanical_vent"": [""CB""], ""mirror"": false, ""outdoor"": ""ac_ledge"", ""topology"": ""5946d5f3acd7""}"
510,#15-102,L15,102,5R,5R-L,16e5005821d4,110.7,"{""kitchen"": ""closed"", ""mechanical_vent"": [""CB""], ""mirror"": false, ""outdoor"": ""ac_ledge"", ""topology"": ""5946d5f3acd7""}"
510,#16-102,L16,102,5R,5R-L,16e5005821d4,110.7,"{""kitchen"": ""closed"", ""mechanical_vent"": [""CB""], ""mirror"": false, ""outdoor"": ""ac_ledge"", ""topology"": ""5946d5f3acd7""}"
510,#02-103,L2,103,3R,3R-S-B,917ddd0a9c24,65.3,"{""kitchen"": ""closed"", ""mechanical_vent"": [""CB""], ""mirror"": false, ""outdoor"": ""none"", ""topology"": ""6685e356178f""}"
510,#03-103,L3,103,3R,3R-S-B,917ddd0a9c24,65.3,"{""kitchen"": ""closed"", ""mechanical_vent"": [""CB""], ""mirror"": false, ""outdoor"": ""none"", ""topology"": ""6685e356178f""}"
510,#04-103,L4,103,3R,3R-S-B,917ddd0a9c24,65.3,"{""kitchen"": ""closed"", ""mechanical_vent"": [""CB""], ""mirror"": false, ""outdoor"": ""none"", ""topology"": ""6685e356178f""}"
510,#05-103,L5,103,3R,3R-S-B,917ddd0a9c24,65.3,"{""kitchen"": ""closed"", ""mechanical_vent"": [""CB""], ""mirror"": false, ""outdoor"": ""none"", ""topology"": ""6685e356178f""}"
510,#06-103,L6,103,3R,3R-S-B,917ddd0a9c24,65.3,"{""kitchen"": ""closed"", ""mechanical_vent"": [""CB""], ""mirror"": false, ""outdoor"": ""none"", ""topology"": ""6685e356178f""}"
510,#07-103,L7,103,3R,3R-S-B,917ddd0a9c24,65.3,"{""kitchen"": ""closed"", ""mechanical_vent"": [""CB""], ""mirror"": false, ""outdoor"": ""none"", ""topology"": ""6685e356178f""}"
510,#08-103,L8,103,3R,3R-S-B,917ddd0a9c24,65.3,"{""kitchen"": ""closed"", ""mechanical_vent"": [""CB""], ""mirror"": false, ""outdoor"": ""none"", ""topology"": ""6685e356178f""}"
510,#09-103,L9,103,3R,3R-S-B,917ddd0a9c24,65.3,"{""kitchen"": ""closed"", ""mechanical_vent"": [""CB""], ""mirror"": false, ""outdoor"": ""none"", ""topology"": ""6685e356178f""}"
510,#10-103,L10,103,3R,3R-S-B,917ddd0a9c24,65.3,"{""kitchen"": ""closed"", ""mechanical_vent"": [""CB""], ""mirror"": false, ""outdoor"": ""none"", ""topology"": ""6685e356178f""}"
510,#11-103,L11,103,3R,3R-S-B,917ddd0a9c24,65.3,"{""kitchen"": ""closed"", ""mechanical_vent"": [""CB""], ""mirror"": false, ""outdoor"": ""none"", ""topology"": ""6685e356178f""}"
510,#12-103,L12,103,3R,3R-S-B,917ddd0a9c24,65.3,"{""kitchen"": ""closed"", ""mechanical_vent"": [""CB""], ""mirror"": false, ""outdoor"": ""none"", ""topology"": ""6685e356178f""}"
510,#13-103,L13,103,3R,3R-S-B,917ddd0a9c24,65.3,"{""kitchen"": ""closed"", ""mechanical_vent"": [""CB""], ""mirror"": false, ""outdoor"": ""none"", ""topology"": ""6685e356178f""}"
510,#14-103,L14,103,3R,3R-S-B,917ddd0a9c24,65.3,"{""kitchen"": ""closed"", ""mechanical_vent"": [""CB""], ""mirror"": false, ""outdoor"": ""none"", ""topology"": ""6685e356178f""}"
510,#15-103,L15,103,3R,3R-S-B,917ddd0a9c24,65.3,"{""kitchen"": ""closed"", ""mechanical_vent"": [""CB""], ""mirror"": false, ""outdoor"": ""none"", ""topology"": ""6685e356178f""}"
510,#16-103,L16,103,3R,3R-S-B,917ddd0a9c24,65.3,"{""kitchen"": ""closed"", ""mechanical_vent"": [""CB""], ""mirror"": false, ""outdoor"": ""none"", ""topology"": ""6685e356178f""}"
510,#02-104,L2,104,5R,5R-L,48ef9bbf2909,110.7,"{""kitchen"": ""open"", ""mechanical_vent"": [""CB""], ""mirror"": false, ""outdoor"": ""ac_ledge"", ""topology"": ""5946d5f3acd7""}"
510,#03-104,L3,104,5R,5R-L,48ef9bbf2909,110.7,"{""kitchen"": ""open"", ""mechanical_vent"": [""CB""], ""mirror"": false, ""outdoor"": ""ac_ledge"", ""topology"": ""5946d5f3acd7""}"
510,#04-104,L4,104,5R,5R-L,48ef9bbf2909,110.7,"{""kitchen"": ""open"", ""mechanical_vent"": [""CB""], ""mirror"": false, ""outdoor"": ""ac_ledge"", ""topology"": ""5946d5f3acd7""}"
510,#05-104,L5,104,5R,5R-L,48ef9bbf2909,110.7,"{""kitchen"": ""open"", ""mechanical_vent"": [""CB""], ""mirror"": false, ""outdoor"": ""ac_ledge"", ""topology"": ""5946d5f3acd7""}"
510,#06-104,L6,104,5R,5R-L,48ef9bbf2909,110.7,"{""kitchen"": ""open"", ""mechanical_vent"": [""CB""], ""mirror"": false, ""outdoor"": ""ac_ledge"", ""topology"": ""5946d5f3acd7""}"
510,#07-104,L7,104,5R,5R-L,48ef9bbf2909,110.7,"{""kitchen"": ""open"", ""mechanical_vent"": [""CB""], ""mirror"": false, ""outdoor"": ""ac_ledge"", ""topology"": ""5946d5f3acd7""}"
510,#08-104,L8,104,5R,5R-L,48ef9bbf2909,110.7,"{""kitchen"": ""open"", ""mechanical_vent"": [""CB""], ""mirror"": false, ""outdoor"": ""ac_ledge"", ""topology"": ""5946d5f3acd7""}"
510,#09-104,L9,104,5R,5R-L,48ef9bbf2909,110.7,"{""kitchen"": ""open"", ""mechanical_vent"": [""CB""], ""mirror"": false, ""outdoor"": ""ac_ledge"", ""topology"": ""5946d5f3acd7""}"
510,#10-104,L10,104,5R,5R-L,48ef9bbf2909,110.7,"{""kitchen"": ""open"", ""mechanical_vent"": [""CB""], ""mirror"": false, ""outdoor"": ""ac_ledge"", ""topology"": ""5946d5f3acd7""}"
510,#11-104,L11,104,5R,5R-L,48ef9bbf2909,110.7,"{""kitchen"": ""open"", ""mechanical_vent"": [""CB""], ""mirror"": false, ""outdoor"": ""ac_ledge"", ""topology"": ""5946d5f3acd7""}"
510,#12-104,L12,104,5R,5R-L,48ef9bbf2909,110.7,"{""kitchen"": ""open"", ""mechanical_vent"": [""CB""], ""mirror"": false, ""outdoor"": ""ac_ledge"", ""topology"": ""5946d5f3acd7""}"
510,#13-104,L13,104,5R,5R-L,48ef9bbf2909,110.7,"{""kitchen"": ""open"", ""mechanical_vent"": [""CB""], ""mirror"": false, ""outdoor"": ""ac_ledge"", ""topology"": ""5946d5f3acd7""}"
510,#14-104,L14,104,5R,5R-L,48ef9bbf2909,110.7,"{""kitchen"": ""open"", ""mechanical_vent"": [""CB""], ""mirror"": false, ""outdoor"": ""ac_ledge"", ""topology"": ""5946d5f3acd7""}"
510,#15-104,L15,104,5R,5R-L,48ef9bbf2909,110.7,"{""kitchen"": ""open"", ""mechanical_vent"": [""CB""], ""mirror"": false, ""outdoor"": ""ac_ledge"", ""topology"": ""5946d5f3acd7""}"
510,#16-104,L16,104,5R,5R-L,48ef9bbf2909,110.7,"{""kitchen"": ""open"", ""mechanical_vent"": [""CB""], ""mirror"": false, ""outdoor"": ""ac_ledge"", ""topology"": ""5946d5f3acd7""}"
510,#02-105,L2,105,4R,4R-L,e55dd6753b3b,92.0,"{""kitchen"": ""closed"", ""mechanical_vent"": [""CB""], ""mirror"": true, ""outdoor"": ""none"", ""topology"": ""90b7a4ddd62c""}"
510,#03-105,L3,105,4R,4R-L,e55dd6753b3b,92.0,"{""kitchen"": ""closed"", ""mechanical_vent"": [""CB""], ""mirror"": true, ""outdoor"": ""none"", ""topology"": ""90b7a4ddd62c""}"
510,#04-105,L4,105,4R,4R-L,e55dd6753b3b,92.0,"{""kitchen"": ""closed"", ""mechanical_vent"": [""CB""], ""mirror"": true, ""outdoor"": ""none"", ""topology"": ""90b7a4ddd62c""}"
510,#05-105,L5,105,4R,4R-L,e55dd6753b3b,92.0,"{""kitchen"": ""closed"", ""mechanical_vent"": [""CB""], ""mirror"": true, ""outdoor"": ""none"", ""topology"": ""90b7a4ddd62c""}"
510,#06-105,L6,105,4R,4R-L,e55dd6753b3b,92.0,"{""kitchen"": ""closed"", ""mechanical_vent"": [""CB""], ""mirror"": true, ""outdoor"": ""none"", ""topology"": ""90b7a4ddd62c""}"
510,#07-105,L7,105,4R,4R-L,e55dd6753b3b,92.0,"{""kitchen"": ""closed"", ""mechanical_vent"": [""CB""], ""mirror"": true, ""outdoor"": ""none"", ""topology"": ""90b7a4ddd62c""}"
510,#08-105,L8,105,4R,4R-L,e55dd6753b3b,92.0,"{""kitchen"": ""closed"", ""mechanical_vent"": [""CB""], ""mirror"": true, ""outdoor"": ""none"", ""topology"": ""90b7a4ddd62c""}"
510,#09-105,L9,105,4R,4R-L,e55dd6753b3b,92.0,"{""kitchen"": ""closed"", ""mechanical_vent"": [""CB""], ""mirror"": true, ""outdoor"": ""none"", ""topology"": ""90b7a4ddd62c""}"
510,#10-105,L10,105,4R,4R-L,e55dd6753b3b,92.0,"{""kitchen"": ""closed"", ""mechanical_vent"": [""CB""], ""mirror"": true, ""outdoor"": ""none"", ""topology"": ""90b7a4ddd62c""}"
510,#11-105,L11,105,4R,4R-L,e55dd6753b3b,92.0,"{""kitchen"": ""closed"", ""mechanical_vent"": [""CB""], ""mirror"": true, ""outdoor"": ""none"", ""topology"": ""90b7a4ddd62c""}"
510,#12-105,L12,105,4R,4R-L,e55dd6753b3b,92.0,"{""kitchen"": ""closed"", ""mechanical_vent"": [""CB""], ""mirror"": true, ""outdoor"": ""none"", ""topology"": ""90b7a4ddd62c""}"
510,#13-105,L13,105,4R,4R-L,e55dd6753b3b,92.0,"{""kitchen"": ""closed"", ""mechanical_vent"": [""CB""], ""mirror"": true, ""outdoor"": ""none"", ""topology"": ""90b7a4ddd62c""}"
510,#14-105,L14,105,4R,4R-L,e55dd6753b3b,92.0,"{""kitchen"": ""closed"", ""mechanical_vent"": [""CB""], ""mirror"": true, ""outdoor"": ""none"", ""topology"": ""90b7a4ddd62c""}"
510,#15-105,L15,105,4R,4R-L,e55dd6753b3b,92.0,"{""kitchen"": ""closed"", ""mechanical_vent"": [""CB""], ""mirror"": true, ""outdoor"": ""none"", ""topology"": ""90b7a4ddd62c""}"
510,#16-105,L16,105,4R,4R-L,e55dd6753b3b,92.0,"{""kitchen"": ""closed"", ""mechanical_vent"": [""CB""], ""mirror"": true, ""outdoor"": ""none"", ""topology"": ""90b7a4ddd62c""}"
510,#02-106,L2,106,3G,3G-C,ac6b5122417a,115.6,"{""kitchen"": ""open"", ""mechanical_vent"": [""MBa""], ""mirror"": false, ""outdoor"": ""none"", ""topology"": ""72b28f0d4124""}"
510,#03-106,L3,106,3G,3G-C,ac6b5122417a,115.6,"{""kitchen"": ""open"", ""mechanical_vent"": [""MBa""], ""mirror"": false, ""outdoor"": ""none"", ""topology"": ""72b28f0d4124""}"
510,#04-106,L4,106,3G,3G-C,ac6b5122417a,115.6,"{""kitchen"": ""open"", ""mechanical_vent"": [""MBa""], ""mirror"": false, ""outdoor"": ""none"", ""topology"": ""72b28f0d4124""}"
510,#05-106,L5,106,3G,3G-C,ac6b5122417a,115.6,"{""kitchen"": ""open"", ""mechanical_vent"": [""MBa""], ""mirror"": false, ""outdoor"": ""none"", ""topology"": ""72b28f0d4124""}"
510,#06-106,L6,106,3G,3G-C,ac6b5122417a,115.6,"{""kitchen"": ""open"", ""mechanical_vent"": [""MBa""], ""mirror"": false, ""outdoor"": ""none"", ""topology"": ""72b28f0d4124""}"
510,#07-106,L7,106,3G,3G-C,ac6b5122417a,115.6,"{""kitchen"": ""open"", ""mechanical_vent"": [""MBa""], ""mirror"": false, ""outdoor"": ""none"", ""topology"": ""72b28f0d4124""}"
510,#08-106,L8,106,3G,3G-C,ac6b5122417a,115.6,"{""kitchen"": ""open"", ""mechanical_vent"": [""MBa""], ""mirror"": false, ""outdoor"": ""none"", ""topology"": ""72b28f0d4124""}"
510,#09-106,L9,106,3G,3G-C,ac6b5122417a,115.6,"{""kitchen"": ""open"", ""mechanical_vent"": [""MBa""], ""mirror"": false, ""outdoor"": ""none"", ""topology"": ""72b28f0d4124""}"
510,#10-106,L10,106,3G,3G-C,ac6b5122417a,115.6,"{""kitchen"": ""open"", ""mechanical_vent"": [""MBa""], ""mirror"": false, ""outdoor"": ""none"", ""topology"": ""72b28f0d4124""}"
510,#11-106,L11,106,3G,3G-C,ac6b5122417a,115.6,"{""kitchen"": ""open"", ""mechanical_vent"": [""MBa""], ""mirror"": false, ""outdoor"": ""none"", ""topology"": ""72b28f0d4124""}"
510,#12-106,L12,106,3G,3G-C,ac6b5122417a,115.6,"{""kitchen"": ""open"", ""mechanical_vent"": [""MBa""], ""mirror"": false, ""outdoor"": ""none"", ""topology"": ""72b28f0d4124""}"
510,#13-106,L13,106,3G,3G-C,ac6b5122417a,115.6,"{""kitchen"": ""open"", ""mechanical_vent"": [""MBa""], ""mirror"": false, ""outdoor"": ""none"", ""topology"": ""72b28f0d4124""}"
510,#14-106,L14,106,3G,3G-C,ac6b5122417a,115.6,"{""kitchen"": ""open"", ""mechanical_vent"": [""MBa""], ""mirror"": false, ""outdoor"": ""none"", ""topology"": ""72b28f0d4124""}"
510,#15-106,L15,106,3G,3G-C,ac6b5122417a,115.6,"{""kitchen"": ""open"", ""mechanical_vent"": [""MBa""], ""mirror"": false, ""outdoor"": ""none"", ""topology"": ""72b28f0d4124""}"
510,#16-106,L16,106,3G,3G-C,ac6b5122417a,115.6,"{""kitchen"": ""open"", ""mechanical_vent"": [""MBa""], ""mirror"": false, ""outdoor"": ""none"", ""topology"": ""72b28f0d4124""}"
510,#02-107,L2,107,5R,5R-L,616beb1c0aa8,110.0,"{""kitchen"": ""closed"", ""mechanical_vent"": [""CB""], ""mirror"": false, ""outdoor"": ""none"", ""topology"": ""5946d5f3acd7""}"
510,#03-107,L3,107,5R,5R-L,616beb1c0aa8,110.0,"{""kitchen"": ""closed"", ""mechanical_vent"": [""CB""], ""mirror"": false, ""outdoor"": ""none"", ""topology"": ""5946d5f3acd7""}"
510,#04-107,L4,107,5R,5R-L,616beb1c0aa8,110.0,"{""kitchen"": ""closed"", ""mechanical_vent"": [""CB""], ""mirror"": false, ""outdoor"": ""none"", ""topology"": ""5946d5f3acd7""}"
510,#05-107,L5,107,5R,5R-L,616beb1c0aa8,110.0,"{""kitchen"": ""closed"", ""mechanical_vent"": [""CB""], ""mirror"": false, ""outdoor"": ""none"", ""topology"": ""5946d5f3acd7""}"
510,#06-107,L6,107,5R,5R-L,616beb1c0aa8,110.0,"{""kitchen"": ""closed"", ""mechanical_vent"": [""CB""], ""mirror"": false, ""outdoor"": ""none"", ""topology"": ""5946d5f3acd7""}"
510,#07-107,L7,107,5R,5R-L,616beb1c0aa8,110.0,"{""kitchen"": ""closed"", ""mechanical_vent"": [""CB""], ""mirror"": false, ""outdoor"": ""none"", ""topology"": ""5946d5f3acd7""}"
510,#08-107,L8,107,5R,5R-L,616beb1c0aa8,110.0,"{""kitchen"": ""closed"", ""mechanical_vent"": [""CB""], ""mirror"": false, ""outdoor"": ""none"", ""topology"": ""5946d5f3acd7""}"
510,#09-107,L9,107,5R,5R-L,616beb1c0aa8,110.0,"{""kitchen"": ""closed"", ""mechanical_vent"": [""CB""], ""mirror"": false, ""outdoor"": ""none"", ""topology"": ""5946d5f3acd7""}"
510,#10-107,L10,107,5R,5R-L,616beb1c0aa8,110.0,"{""kitchen"": ""closed"", ""mechanical_vent"": [""CB""], ""mirror"": false, ""outdoor"": ""none"", ""topology"": ""5946d5f3acd7""}"
510,#11-107,L11,107,5R,5R-L,616beb1c0aa8,110.0,"{""kitchen"": ""closed"", ""mechanical_vent"": [""CB""], ""mirror"": false, ""outdoor"": ""none"", ""topology"": ""5946d5f3acd7""}"
510,#12-107,L12,107,5R,5R-L,616beb1c0aa8,110.0,"{""kitchen"": ""closed"", ""mechanical_vent"": [""CB""], ""mirror"": false, ""outdoor"": ""none"", ""topology"": ""5946d5f3acd7""}"
510,#13-107,L13,107,5R,5R-L,616beb1c0aa8,110.0,"{""kitchen"": ""closed"", ""mechanical_vent"": [""CB""], ""mirror"": false, ""outdoor"": ""none"", ""topology"": ""5946d5f3acd7""}"
510,#14-107,L14,107,5R,5R-L,616beb1c0aa8,110.0,"{""kitchen"": ""closed"", ""mechanical_vent"": [""CB""], ""mirror"": false, ""outdoor"": ""none"", ""topology"": ""5946d5f3acd7""}"
510,#15-107,L15,107,5R,5R-L,616beb1c0aa8,110.0,"{""kitchen"": ""closed"", ""mechanical_vent"": [""CB""], ""mirror"": false, ""outdoor"": ""none"", ""topology"": ""5946d5f3acd7""}"
510,#16-107,L16,107,5R,5R-L,616beb1c0aa8,110.0,"{""kitchen"": ""closed"", ""mechanical_vent"": [""CB""], ""mirror"": false, ""outdoor"": ""none"", ""topology"": ""5946d5f3acd7""}"
510,#02-108,L2,108,4R,4R-L,b7e56ccfd672,92.0,"{""kitchen"": ""open"", ""mechanical_vent"": [""CB""], ""mirror"": true, ""outdoor"": ""none"", ""topology"": ""90b7a4ddd62c""}"
510,#03-108,L3,108,4R,4R-L,b7e56ccfd672,92.0,"{""kitchen"": ""open"", ""mechanical_vent"": [""CB""], ""mirror"": true, ""outdoor"": ""none"", ""topology"": ""90b7a4ddd62c""}"
510,#04-108,L4,108,4R,4R-L,b7e56ccfd672,92.0,"{""kitchen"": ""open"", ""mechanical_vent"": [""CB""], ""mirror"": true, ""outdoor"": ""none"", ""topology"": ""90b7a4ddd62c""}"
510,#05-108,L5,108,4R,4R-L,b7e56ccfd672,92.0,"{""kitchen"": ""open"", ""mechanical_vent"": [""CB""], ""mirror"": true, ""outdoor"": ""none"", ""topology"": ""90b7a4ddd62c""}"
510,#06-108,L6,108,4R,4R-L,b7e56ccfd672,92.0,"{""kitchen"": ""open"", ""mechanical_vent"": [""CB""], ""mirror"": true, ""outdoor"": ""none"", ""topology"": ""90b7a4ddd62c""}"
510,#07-108,L7,108,4R,4R-L,b7e56ccfd672,92.0,"{""kitchen"": ""open"", ""mechanical_vent"": [""CB""], ""mirror"": true, ""outdoor"": ""none"", ""topology"": ""90b7a4ddd62c""}"
510,#08-108,L8,108,4R,4R-L,b7e56ccfd672,92.0,"{""kitchen"": ""open"", ""mechanical_vent"": [""CB""], ""mirror"": true, ""outdoor"": ""none"", ""topology"": ""90b7a4ddd62c""}"
510,#09-108,L9,108,4R,4R-L,b7e56ccfd672,92.0,"{""kitchen"": ""open"", ""mechanical_vent"": [""CB""], ""mirror"": true, ""outdoor"": ""none"", ""topology"": ""90b7a4ddd62c""}"
510,#10-108,L10,108,4R,4R-L,b7e56ccfd672,92.0,"{""kitchen"": ""open"", ""mechanical_vent"": [""CB""], ""mirror"": true, ""outdoor"": ""none"", ""topology"": ""90b7a4ddd62c""}"
510,#11-108,L11,108,4R,4R-L,b7e56ccfd672,92.0,"{""kitchen"": ""open"", ""mechanical_vent"": [""CB""], ""mirror"": true, ""outdoor"": ""none"", ""topology"": ""90b7a4ddd62c""}"
510,#12-108,L12,108,4R,4R-L,b7e56ccfd672,92.0,"{""kitchen"": ""open"", ""mechanical_vent"": [""CB""], ""mirror"": true, ""outdoor"": ""none"", ""topology"": ""90b7a4ddd62c""}"
510,#13-108,L13,108,4R,4R-L,b7e56ccfd672,92.0,"{""kitchen"": ""open"", ""mechanical_vent"": [""CB""], ""mirror"": true, ""outdoor"": ""none"", ""topology"": ""90b7a4ddd62c""}"
510,#14-108,L14,108,4R,4R-L,b7e56ccfd672,92.0,"{""kitchen"": ""open"", ""mechanical_vent"": [""CB""], ""mirror"": true, ""outdoor"": ""none"", ""topology"": ""90b7a4ddd62c""}"
510,#15-108,L15,108,4R,4R-L,b7e56ccfd672,92.0,"{""kitchen"": ""open"", ""mechanical_vent"": [""CB""], ""mirror"": true, ""outdoor"": ""none"", ""topology"": ""90b7a4ddd62c""}"
510,#16-108,L16,108,4R,4R-L,b7e56ccfd672,92.0,"{""kitchen"": ""open"", ""mechanical_vent"": [""CB""], ""mirror"": true, ""outdoor"": ""none"", ""topology"": ""90b7a4ddd62c""}"
510,#02-109,L2,109,5R,5R-L,83db4c5cf784,110.0,"{""kitchen"": ""open"", ""mechanical_vent"": [""CB""], ""mirror"": false, ""outdoor"": ""none"", ""topology"": ""5946d5f3acd7""}"
510,#03-109,L3,109,5R,5R-L,83db4c5cf784,110.0,"{""kitchen"": ""open"", ""mechanical_vent"": [""CB""], ""mirror"": false, ""outdoor"": ""none"", ""topology"": ""5946d5f3acd7""}"
510,#04-109,L4,109,5R,5R-L,83db4c5cf784,110.0,"{""kitchen"": ""open"", ""mechanical_vent"": [""CB""], ""mirror"": false, ""outdoor"": ""none"", ""topology"": ""5946d5f3acd7""}"
510,#05-109,L5,109,5R,5R-L,83db4c5cf784,110.0,"{""kitchen"": ""open"", ""mechanical_vent"": [""CB""], ""mirror"": false, ""outdoor"": ""none"", ""topology"": ""5946d5f3acd7""}"
510,#06-109,L6,109,5R,5R-L,83db4c5cf784,110.0,"{""kitchen"": ""open"", ""mechanical_vent"": [""CB""], ""mirror"": false, ""outdoor"": ""none"", ""topology"": ""5946d5f3acd7""}"
510,#07-109,L7,109,5R,5R-L,83db4c5cf784,110.0,"{""kitchen"": ""open"", ""mechanical_vent"": [""CB""], ""mirror"": false, ""outdoor"": ""none"", ""topology"": ""5946d5f3acd7""}"
510,#08-109,L8,109,5R,5R-L,83db4c5cf784,110.0,"{""kitchen"": ""open"", ""mechanical_vent"": [""CB""], ""mirror"": false, ""outdoor"": ""none"", ""topology"": ""5946d5f3acd7""}"
510,#09-109,L9,109,5R,5R-L,83db4c5cf784,110.0,"{""kitchen"": ""open"", ""mechanical_vent"": [""CB""], ""mirror"": false, ""outdoor"": ""none"", ""topology"": ""5946d5f3acd7""}"
510,#10-109,L10,109,5R,5R-L,83db4c5cf784,110.0,"{""kitchen"": ""open"", ""mechanical_vent"": [""CB""], ""mirror"": false, ""outdoor"": ""none"", ""topology"": ""5946d5f3acd7""}"
510,#11-109,L11,109,5R,5R-L,83db4c5cf784,110.0,"{""kitchen"": ""open"", ""mechanical_vent"": [""CB""], ""mirror"": false, ""outdoor"": ""none"", ""topology"": ""5946d5f3acd7""}"
510,#12-109,L12,109,5R,5R-L,83db4c5cf784,110.0,"{""kitchen"": ""open"", ""mechanical_vent"": [""CB""], ""mirror"": false, ""outdoor"": ""none"", ""topology"": ""5946d5f3acd7""}"
510,#13-109,L13,109,5R,5R-L,83db4c5cf784,110.0,"{""kitchen"": ""open"", ""mechanical_vent"": [""CB""], ""mirror"": false, ""outdoor"": ""none"", ""topology"": ""5946d5f3acd7""}"
510,#14-109,L14,109,5R,5R-L,83db4c5cf784,110.0,"{""kitchen"": ""open"", ""mechanical_vent"": [""CB""], ""mirror"": false, ""outdoor"": ""none"", ""topology"": ""5946d5f3acd7""}"
510,#15-109,L15,109,5R,5R-L,83db4c5cf784,110.0,"{""kitchen"": ""open"", ""mechanical_vent"": [""CB""], ""mirror"": false, ""outdoor"": ""none"", ""topology"": ""5946d5f3acd7""}"
510,#16-109,L16,109,5R,5R-L,83db4c5cf784,110.0,"{""kitchen"": ""open"", ""mechanical_vent"": [""CB""], ""mirror"": false, ""outdoor"": ""none"", ""topology"": ""5946d5f3acd7""}"
511,#02-101,L2,101,4R,4R-S-A,f73025d10c00,91.5,"{""kitchen"": ""open"", ""mechanical_vent"": [""MBa""], ""mirror"": false, ""outdoor"": ""ac_ledge"", ""topology"": ""710fde88a1d6""}"
511,#03-101,L3,101,4R,4R-S-A,f73025d10c00,91.5,"{""kitchen"": ""open"", ""mechanical_vent"": [""MBa""], ""mirror"": false, ""outdoor"": ""ac_ledge"", ""topology"": ""710fde88a1d6""}"
511,#04-101,L4,101,4R,4R-S-A,f73025d10c00,91.5,"{""kitchen"": ""open"", ""mechanical_vent"": [""MBa""], ""mirror"": false, ""outdoor"": ""ac_ledge"", ""topology"": ""710fde88a1d6""}"
511,#05-101,L5,101,4R,4R-S-A,f73025d10c00,91.5,"{""kitchen"": ""open"", ""mechanical_vent"": [""MBa""], ""mirror"": false, ""outdoor"": ""ac_ledge"", ""topology"": ""710fde88a1d6""}"
511,#06-101,L6,101,4R,4R-S-A,f73025d10c00,91.5,"{""kitchen"": ""open"", ""mechanical_vent"": [""MBa""], ""mirror"": false, ""outdoor"": ""ac_ledge"", ""topology"": ""710fde88a1d6""}"
511,#07-101,L7,101,4R,4R-S-A,f73025d10c00,91.5,"{""kitchen"": ""open"", ""mechanical_vent"": [""MBa""], ""mirror"": false, ""outdoor"": ""ac_ledge"", ""topology"": ""710fde88a1d6""}"
511,#08-101,L8,101,4R,4R-S-A,f73025d10c00,91.5,"{""kitchen"": ""open"", ""mechanical_vent"": [""MBa""], ""mirror"": false, ""outdoor"": ""ac_ledge"", ""topology"": ""710fde88a1d6""}"
511,#09-101,L9,101,4R,4R-S-A,f73025d10c00,91.5,"{""kitchen"": ""open"", ""mechanical_vent"": [""MBa""], ""mirror"": false, ""outdoor"": ""ac_ledge"", ""topology"": ""710fde88a1d6""}"
511,#10-101,L10,101,4R,4R-S-A,f73025d10c00,91.5,"{""kitchen"": ""open"", ""mechanical_vent"": [""MBa""], ""mirror"": false, ""outdoor"": ""ac_ledge"", ""topology"": ""710fde88a1d6""}"
511,#11-101,L11,101,4R,4R-S-A,f73025d10c00,91.5,"{""kitchen"": ""open"", ""mechanical_vent"": [""MBa""], ""mirror"": false, ""outdoor"": ""ac_ledge"", ""topology"": ""710fde88a1d6""}"
511,#12-101,L12,101,4R,4R-S-A,f73025d10c00,91.5,"{""kitchen"": ""open"", ""mechanical_vent"": [""MBa""], ""mirror"": false, ""outdoor"": ""ac_ledge"", ""topology"": ""710fde88a1d6""}"
511,#13-101,L13,101,4R,4R-S-A,f73025d10c00,91.5,"{""kitchen"": ""open"", ""mechanical_vent"": [""MBa""], ""mirror"": false, ""outdoor"": ""ac_ledge"", ""topology"": ""710fde88a1d6""}"
511,#14-101,L14,101,4R,4R-S-A,f73025d10c00,91.5,"{""kitchen"": ""open"", ""mechanical_vent"": [""MBa""], ""mirror"": false, ""outdoor"": ""ac_ledge"", ""topology"": ""710fde88a1d6""}"
511,#15-101,L15,101,4R,4R-S-A,f73025d10c00,91.5,"{""kitchen"": ""open"", ""mechanical_vent"": [""MBa""], ""mirror"": false, ""outdoor"": ""ac_ledge"", ""topology"": ""710fde88a1d6""}"
511,#16-101,L16,101,4R,4R-S-A,f73025d10c00,91.5,"{""kitchen"": ""open"", ""mechanical_vent"": [""MBa""], ""mirror"": false, ""outdoor"": ""ac_ledge"", ""topology"": ""710fde88a1d6""}"
511,#02-102,L2,102,5R,5R-L,209e35dbbcd2,110.0,"{""kitchen"": ""open"", ""mechanical_vent"": [""CB""], ""mirror"": true, ""outdoor"": ""none"", ""topology"": ""5946d5f3acd7""}"
511,#03-102,L3,102,5R,5R-L,209e35dbbcd2,110.0,"{""kitchen"": ""open"", ""mechanical_vent"": [""CB""], ""mirror"": true, ""outdoor"": ""none"", ""topology"": ""5946d5f3acd7""}"
511,#04-102,L4,102,5R,5R-L,209e35dbbcd2,110.0,"{""kitchen"": ""open"", ""mechanical_vent"": [""CB""], ""mirror"": true, ""outdoor"": ""none"", ""topology"": ""5946d5f3acd7""}"
511,#05-102,L5,102,5R,5R-L,209e35dbbcd2,110.0,"{""kitchen"": ""open"", ""mechanical_vent"": [""CB""], ""mirror"": true, ""outdoor"": ""none"", ""topology"": ""5946d5f3acd7""}"
511,#06-102,L6,102,5R,5R-L,209e35dbbcd2,110.0,"{""kitchen"": ""open"", ""mechanical_vent"": [""CB""], ""mirror"": true, ""outdoor"": ""none"", ""topology"": ""5946d5f3acd7""}"
511,#07-102,L7,102,5R,5R-L,209e35dbbcd2,110.0,"{""kitchen"": ""open"", ""mechanical_vent"": [""CB""], ""mirror"": true, ""outdoor"": ""none"", ""topology"": ""5946d5f3acd7""}"
511,#08-102,L8,102,5R,5R-L,209e35dbbcd2,110.0,"{""kitchen"": ""open"", ""mechanical_vent"": [""CB""], ""mirror"": true, ""outdoor"": ""none"", ""topology"": ""5946d5f3acd7""}"
511,#09-102,L9,102,5R,5R-L,209e35dbbcd2,110.0,"{""kitchen"": ""open"", ""mechanical_vent"": [""CB""], ""mirror"": true, ""outdoor"": ""none"", ""topology"": ""5946d5f3acd7""}"
511,#10-102,L10,102,5R,5R-L,209e35dbbcd2,110.0,"{""kitchen"": ""open"", ""mechanical_vent"": [""CB""], ""mirror"": true, ""outdoor"": ""none"", ""topology"": ""5946d5f3acd7""}"
511,#11-102,L11,102,5R,5R-L,209e35dbbcd2,110.0,"{""kitchen"": ""open"", ""mechanical_vent"": [""CB""], ""mirror"": true, ""outdoor"": ""none"", ""topology"": ""5946d5f3acd7""}"
511,#12-102,L12,102,5R,5R-L,209e35dbbcd2,110.0,"{""kitchen"": ""open"", ""mechanical_vent"": [""CB""], ""mirror"": true, ""outdoor"": ""none"", ""topology"": ""5946d5f3acd7""}"
511,#13-102,L13,102,5R,5R-L,209e35dbbcd2,110.0,"{""kitchen"": ""open"", ""mechanical_vent"": [""CB""], ""mirror"": true, ""outdoor"": ""none"", ""topology"": ""5946d5f3acd7""}"
511,#14-102,L14,102,5R,5R-L,209e35dbbcd2,110.0,"{""kitchen"": ""open"", ""mechanical_vent"": [""CB""], ""mirror"": true, ""outdoor"": ""none"", ""topology"": ""5946d5f3acd7""}"
511,#15-102,L15,102,5R,5R-L,209e35dbbcd2,110.0,"{""kitchen"": ""open"", ""mechanical_vent"": [""CB""], ""mirror"": true, ""outdoor"": ""none"", ""topology"": ""5946d5f3acd7""}"
511,#16-102,L16,102,5R,5R-L,209e35dbbcd2,110.0,"{""kitchen"": ""open"", ""mechanical_vent"": [""CB""], ""mirror"": true, ""outdoor"": ""none"", ""topology"": ""5946d5f3acd7""}"
511,#02-103,L2,103,3R,3R-S-B,993691fe7c35,65.3,"{""kitchen"": ""open"", ""mechanical_vent"": [""CB""], ""mirror"": true, ""outdoor"": ""none"", ""topology"": ""6685e356178f""}"
511,#03-103,L3,103,3R,3R-S-B,993691fe7c35,65.3,"{""kitchen"": ""open"", ""mechanical_vent"": [""CB""], ""mirror"": true, ""outdoor"": ""none"", ""topology"": ""6685e356178f""}"
511,#04-103,L4,103,3R,3R-S-B,993691fe7c35,65.3,"{""kitchen"": ""open"", ""mechanical_vent"": [""CB""], ""mirror"": true, ""outdoor"": ""none"", ""topology"": ""6685e356178f""}"
511,#05-103,L5,103,3R,3R-S-B,993691fe7c35,65.3,"{""kitchen"": ""open"", ""mechanical_vent"": [""CB""], ""mirror"": true, ""outdoor"": ""none"", ""topology"": ""6685e356178f""}"
511,#06-103,L6,103,3R,3R-S-B,993691fe7c35,65.3,"{""kitchen"": ""open"", ""mechanical_vent"": [""CB""], ""mirror"": true, ""outdoor"": ""none"", ""topology"": ""6685e356178f""}"
511,#07-103,L7,103,3R,3R-S-B,993691fe7c35,65.3,"{""kitchen"": ""open"", ""mechanical_vent"": [""CB""], ""mirror"": true, ""outdoor"": ""none"", ""topology"": ""6685e356178f""}"
511,#08-103,L8,103,3R,3R-S-B,993691fe7c35,65.3,"{""kitchen"": ""open"", ""mechanical_vent"": [""CB""], ""mirror"": true, ""outdoor"": ""none"", ""topology"": ""6685e356178f""}"
511,#09-103,L9,103,3R,3R-S-B,993691fe7c35,65.3,"{""kitchen"": ""open"", ""mechanical_vent"": [""CB""], ""mirror"": true, ""outdoor"": ""none"", ""topology"": ""6685e356178f""}"
511,#10-103,L10,103,3R,3R-S-B,993691fe7c35,65.3,"{""kitchen"": ""open"", ""mechanical_vent"": [""CB""], ""mirror"": true, ""outdoor"": ""none"", ""topology"": ""6685e356178f""}"
511,#11-103,L11,103,3R,3R-S-B,993691fe7c35,65.3,"{""kitchen"": ""open"", ""mechanical_vent"": [""CB""], ""mirror"": true, ""outdoor"": ""none"", ""topology"": ""6685e356178f""}"
511,#12-103,L12,103,3R,3R-S-B,993691fe7c35,65.3,"{""kitchen"": ""open"", ""mechanical_vent"": [""CB""], ""mirror"": true, ""outdoor"": ""none"", ""topology"": ""6685e356178f""}"
511,#13-103,L13,103,3R,3R-S-B,993691fe7c35,65.3,"{""kitchen"": ""open"", ""mechanical_vent"": [""CB""], ""mirror"": true, ""outdoor"": ""none"", ""topology"": ""6685e356178f""}"
511,#14-103,L14,103,3R,3R-S-B,993691fe7c35,65.3,"{""kitchen"": ""open"", ""mechanical_vent"": [""CB""], ""mirror"": true, ""outdoor"": ""none"", ""topology"": ""6685e356178f""}"
511,#15-103,L15,103,3R,3R-S-B,993691fe7c35,65.3,"{""kitchen"": ""open"", ""mechanical_vent"": [""CB""], ""mirror"": true, ""outdoor"": ""none"", ""topology"": ""6685e356178f""}"
511,#16-103,L16,103,3R,3R-S-B,993691fe7c35,65.3,"{""kitchen"": ""open"", ""mechanical_vent"": [""CB""], ""mirror"": true, ""outdoor"": ""none"", ""topology"": ""6685e356178f""}"
511,#02-104,L2,104,5R,5R-L,616beb1c0aa8,110.0,"{""kitchen"": ""closed"", ""mechanical_vent"": [""CB""], ""mirror"": false, ""outdoor"": ""none"", ""topology"": ""5946d5f3acd7""}"
511,#03-104,L3,104,5R,5R-L,616beb1c0aa8,110.0,"{""kitchen"": ""closed"", ""mechanical_vent"": [""CB""], ""mirror"": false, ""outdoor"": ""none"", ""topology"": ""5946d5f3acd7""}"
511,#04-104,L4,104,5R,5R-L,616beb1c0aa8,110.0,"{""kitchen"": ""closed"", ""mechanical_vent"": [""CB""], ""mirror"": false, ""outdoor"": ""none"", ""topology"": ""5946d5f3acd7""}"
511,#05-104,L5,104,5R,5R-L,616beb1c0aa8,110.0,"{""kitchen"": ""closed"", ""mechanical_vent"": [""CB""], ""mirror"": false, ""outdoor"": ""none"", ""topology"": ""5946d5f3acd7""}"
511,#06-104,L6,104,5R,5R-L,616beb1c0aa8,110.0,"{""kitchen"": ""closed"", ""mechanical_vent"": [""CB""], ""mirror"": false, ""outdoor"": ""none"", ""topology"": ""5946d5f3acd7""}"
511,#07-104,L7,104,5R,5R-L,616beb1c0aa8,110.0,"{""kitchen"": ""closed"", ""mechanical_vent"": [""CB""], ""mirror"": false, ""outdoor"": ""none"", ""topology"": ""5946d5f3acd7""}"
511,#08-104,L8,104,5R,5R-L,616beb1c0aa8,110.0,"{""kitchen"": ""closed"", ""mechanical_vent"": [""CB""], ""mirror"": false, ""outdoor"": ""none"", ""topology"": ""5946d5f3acd7""}"
511,#09-104,L9,104,5R,5R-L,616beb1c0aa8,110.0,"{""kitchen"": ""closed"", ""mechanical_vent"": [""CB""], ""mirror"": false, ""outdoor"": ""none"", ""topology"": ""5946d5f3acd7""}"
511,#10-104,L10,104,5R,5R-L,616beb1c0aa8,110.0,"{""kitchen"": ""closed"", ""mechanical_vent"": [""CB""], ""mirror"": false, ""outdoor"": ""none"", ""topology"": ""5946d5f3acd7""}"
511,#11-104,L11,104,5R,5R-L,616beb1c0aa8,110.0,"{""kitchen"": ""closed"", ""mechanical_vent"": [""CB""], ""mirror"": false, ""outdoor"": ""none"", ""topology"": ""5946d5f3acd7""}"
511,#12-104,L12,104,5R,5R-L,616beb1c0aa8,110.0,"{""kitchen"": ""closed"", ""mechanical_vent"": [""CB""], ""mirror"": false, ""outdoor"": ""none"", ""topology"": ""5946d5f3acd7""}"
511,#13-104,L13,104,5R,5R-L,616beb1c0aa8,110.0,"{""kitchen"": ""closed"", ""mechanical_vent"": [""CB""], ""mirror"": false, ""outdoor"": ""none"", ""topology"": ""5946d5f3acd7""}"
511,#14-104,L14,104,5R,5R-L,616beb1c0aa8,110.0,"{""kitchen"": ""closed"", ""mechanical_vent"": [""CB""], ""mirror"": false, ""outdoor"": ""none"", ""topology"": ""5946d5f3acd7""}"
511,#15-104,L15,104,5R,5R-L,616beb1c0aa8,110.0,"{""kitchen"": ""closed"", ""mechanical_vent"": [""CB""], ""mirror"": false, ""outdoor"": ""none"", ""topology"": ""5946d5f3acd7""}"
511,#16-104,L16,104,5R,5R-L,616beb1c0aa8,110.0,"{""kitchen"": ""closed"", ""mechanical_vent"": [""CB""], ""mirror"": false, ""outdoor"": ""none"", ""topology"": ""5946d5f3acd7""}"
511,#02-105,L2,105,4R,4R-L,848d4af85a36,93.0,"{""kitchen"": ""open"", ""mechanical_vent"": [""CB""], ""mirror"": false, ""outdoor"": ""ac_ledge"", ""topology"": ""90b7a4ddd62c""}"
511,#03-105,L3,105,4R,4R-L,848d4af85a36,93.0,"{""kitchen"": ""open"", ""mechanical_vent"": [""CB""], ""mirror"": false, ""outdoor"": ""ac_ledge"", ""topology"": ""90b7a4ddd62c""}"
511,#04-105,L4,105,4R,4R-L,848d4af85a36,93.0,"{""kitchen"": ""open"", ""mechanical_vent"": [""CB""], ""mirror"": false, ""outdoor"": ""ac_ledge"", ""topology"": ""90b7a4ddd62c""}"
511,#05-105,L5,105,4R,4R-L,848d4af85a36,93.0,"{""kitchen"": ""open"", ""mechanical_vent"": [""CB""], ""mirror"": false, ""outdoor"": ""ac_ledge"", ""topology"": ""90b7a4ddd62c""}"
511,#06-105,L6,105,4R,4R-L,848d4af85a36,93.0,"{""kitchen"": ""open"", ""mechanical_vent"": [""CB""], ""mirror"": false, ""outdoor"": ""ac_ledge"", ""topology"": ""90b7a4ddd62c""}"
511,#07-105,L7,105,4R,4R-L,848d4af85a36,93.0,"{""kitchen"": ""open"", ""mechanical_vent"": [""CB""], ""mirror"": false, ""outdoor"": ""ac_ledge"", ""topology"": ""90b7a4ddd62c""}"
511,#08-105,L8,105,4R,4R-L,848d4af85a36,93.0,"{""kitchen"": ""open"", ""mechanical_vent"": [""CB""], ""mirror"": false, ""outdoor"": ""ac_ledge"", ""topology"": ""90b7a4ddd62c""}"
511,#09-105,L9,105,4R,4R-L,848d4af85a36,93.0,"{""kitchen"": ""open"", ""mechanical_vent"": [""CB""], ""mirror"": false, ""outdoor"": ""ac_ledge"", ""topology"": ""90b7a4ddd62c""}"
511,#10-105,L10,105,4R,4R-L,848d4af85a36,93.0,"{""kitchen"": ""open"", ""mechanical_vent"": [""CB""], ""mirror"": false, ""outdoor"": ""ac_ledge"", ""topology"": ""90b7a4ddd62c""}"
511,#11-105,L11,105,4R,4R-L,848d4af85a36,93.0,"{""kitchen"": ""open"", ""mechanical_vent"": [""CB""], ""mirror"": false, ""outdoor"": ""ac_ledge"", ""topology"": ""90b7a4ddd62c""}"
511,#12-105,L12,105,4R,4R-L,848d4af85a36,93.0,"{""kitchen"": ""open"", ""mechanical_vent"": [""CB""], ""mirror"": false, ""outdoor"": ""ac_ledge"", ""topology"": ""90b7a4ddd62c""}"
511,#13-105,L13,105,4R,4R-L,848d4af85a36,93.0,"{""kitchen"": ""open"", ""mechanical_vent"": [""CB""], ""mirror"": false, ""outdoor"": ""ac_ledge"", ""topology"": ""90b7a4ddd62c""}"
511,#14-105,L14,105,4R,4R-L,848d4af85a36,93.0,"{""kitchen"": ""open"", ""mechanical_vent"": [""CB""], ""mirror"": false, ""outdoor"": ""ac_ledge"", ""topology"": ""90b7a4ddd62c""}"
511,#15-105,L15,105,4R,4R-L,848d4af85a36,93.0,"{""kitchen"": ""open"", ""mechanical_vent"": [""CB""], ""mirror"": false, ""outdoor"": ""ac_ledge"", ""topology"": ""90b7a4ddd62c""}"
511,#16-105,L16,105,4R,4R-L,848d4af85a36,93.0,"{""kitchen"": ""open"", ""mechanical_vent"": [""CB""], ""mirror"": false, ""outdoor"": ""ac_ledge"", ""topology"": ""90b7a4ddd62c""}"
511,#02-106,L2,106,3G,3G-C2,21541e718ac0,115.6,"{""kitchen"": ""closed"", ""mechanical_vent"": [""B4a""], ""mirror"": false, ""outdoor"": ""none"", ""topology"": ""7bccf4caaddc""}"
511,#03-106,L3,106,3G,3G-C2,21541e718ac0,115.6,"{""kitchen"": ""closed"", ""mechanical_vent"": [""B4a""], ""mirror"": false, ""outdoor"": ""none"", ""topology"": ""7bccf4caaddc""}"
511,#04-106,L4,106,3G,3G-C2,21541e718ac0,115.6,"{""kitchen"": ""closed"", ""mechanical_vent"": [""B4a""], ""mirror"": false, ""outdoor"": ""none"", ""topology"": ""7bccf4caaddc""}"
511,#05-106,L5,106,3G,3G-C2,21541e718ac0,115.6,"{""kitchen"": ""closed"", ""mechanical_vent"": [""B4a""], ""mirror"": false, ""outdoor"": ""none"", ""topology"": ""7bccf4caaddc""}"
511,#06-106,L6,106,3G,3G-C2,21541e718ac0,115.6,"{""kitchen"": ""closed"", ""mechanical_vent"": [""B4a""], ""mirror"": false, ""outdoor"": ""none"", ""topology"": ""7bccf4caaddc""}"
511,#07-106,L7,106,3G,3G-C2,21541e718ac0,115.6,"{""kitchen"": ""closed"", ""mechanical_vent"": [""B4a""], ""mirror"": false, ""outdoor"": ""none"", ""topology"": ""7bccf4caaddc""}"
511,#08-106,L8,106,3G,3G-C2,21541e718ac0,115.6,"{""kitchen"": ""closed"", ""mechanical_vent"": [""B4a""], ""mirror"": false, ""outdoor"": ""none"", ""topology"": ""7bccf4caaddc""}"
511,#09-106,L9,106,3G,3G-C2,21541e718ac0,115.6,"{""kitchen"": ""closed"", ""mechanical_vent"": [""B4a""], ""mirror"": false, ""outdoor"": ""none"", ""topology"": ""7bccf4caaddc""}"
511,#10-106,L10,106,3G,3G-C2,21541e718ac0,115.6,"{""kitchen"": ""closed"", ""mechanical_vent"": [""B4a""], ""mirror"": false, ""outdoor"": ""none"", ""topology"": ""7bccf4caaddc""}"
511,#11-106,L11,106,3G,3G-C2,21541e718ac0,115.6,"{""kitchen"": ""closed"", ""mechanical_vent"": [""B4a""], ""mirror"": false, ""outdoor"": ""none"", ""topology"": ""7bccf4caaddc""}"
511,#12-106,L12,106,3G,3G-C2,21541e718ac0,115.6,"{""kitchen"": ""closed"", ""mechanical_vent"": [""B4a""], ""mirror"": false, ""outdoor"": ""none"", ""topology"": ""7bccf4caaddc""}"
511,#13-106,L13,106,3G,3G-C2,21541e718ac0,115.6,"{""kitchen"": ""closed"", ""mechanical_vent"": [""B4a""], ""mirror"": false, ""outdoor"": ""none"", ""topology"": ""7bccf4caaddc""}"
511,#14-106,L14,106,3G,3G-C2,21541e718ac0,115.6,"{""kitchen"": ""closed"", ""mechanical_vent"": [""B4a""], ""mirror"": false, ""outdoor"": ""none"", ""topology"": ""7bccf4caaddc""}"
511,#15-106,L15,106,3G,3G-C2,21541e718ac0,115.6,"{""kitchen"": ""closed"", ""mechanical_vent"": [""B4a""], ""mirror"": false, ""outdoor"": ""none"", ""topology"": ""7bccf4caaddc""}"
511,#16-106,L16,106,3G,3G-C2,21541e718ac0,115.6,"{""kitchen"": ""closed"", ""mechanical_vent"": [""B4a""], ""mirror"": false, ""outdoor"": ""none"", ""topology"": ""7bccf4caaddc""}"
511,#02-107,L2,107,5R,5R-L,209e35dbbcd2,110.0,"{""kitchen"": ""open"", ""mechanical_vent"": [""CB""], ""mirror"": true, ""outdoor"": ""none"", ""topology"": ""5946d5f3acd7""}"
511,#03-107,L3,107,5R,5R-L,209e35dbbcd2,110.0,"{""kitchen"": ""open"", ""mechanical_vent"": [""CB""], ""mirror"": true, ""outdoor"": ""none"", ""topology"": ""5946d5f3acd7""}"
511,#04-107,L4,107,5R,5R-L,209e35dbbcd2,110.0,"{""kitchen"": ""open"", ""mechanical_vent"": [""CB""], ""mirror"": true, ""outdoor"": ""none"", ""topology"": ""5946d5f3acd7""}"
511,#05-107,L5,107,5R,5R-L,209e35dbbcd2,110.0,"{""kitchen"": ""open"", ""mechanical_vent"": [""CB""], ""mirror"": true, ""outdoor"": ""none"", ""topology"": ""5946d5f3acd7""}"
511,#06-107,L6,107,5R,5R-L,209e35dbbcd2,110.0,"{""kitchen"": ""open"", ""mechanical_vent"": [""CB""], ""mirror"": true, ""outdoor"": ""none"", ""topology"": ""5946d5f3acd7""}"
511,#07-107,L7,107,5R,5R-L,209e35dbbcd2,110.0,"{""kitchen"": ""open"", ""mechanical_vent"": [""CB""], ""mirror"": true, ""outdoor"": ""none"", ""topology"": ""5946d5f3acd7""}"
511,#08-107,L8,107,5R,5R-L,209e35dbbcd2,110.0,"{""kitchen"": ""open"", ""mechanical_vent"": [""CB""], ""mirror"": true, ""outdoor"": ""none"", ""topology"": ""5946d5f3acd7""}"
511,#09-107,L9,107,5R,5R-L,209e35dbbcd2,110.0,"{""kitchen"": ""open"", ""mechanical_vent"": [""CB""], ""mirror"": true, ""outdoor"": ""none"", ""topology"": ""5946d5f3acd7""}"
511,#10-107,L10,107,5R,5R-L,209e35dbbcd2,110.0,"{""kitchen"": ""open"", ""mechanical_vent"": [""CB""], ""mirror"": true, ""outdoor"": ""none"", ""topology"": ""5946d5f3acd7""}"
511,#11-107,L11,107,5R,5R-L,209e35dbbcd2,110.0,"{""kitchen"": ""open"", ""mechanical_vent"": [""CB""], ""mirror"": true, ""outdoor"": ""none"", ""topology"": ""5946d5f3acd7""}"
511,#12-107,L12,107,5R,5R-L,209e35dbbcd2,110.0,"{""kitchen"": ""open"", ""mechanical_vent"": [""CB""], ""mirror"": true, ""outdoor"": ""none"", ""topology"": ""5946d5f3acd7""}"
511,#13-107,L13,107,5R,5R-L,209e35dbbcd2,110.0,"{""kitchen"": ""open"", ""mechanical_vent"": [""CB""], ""mirror"": true, ""outdoor"": ""none"", ""topology"": ""5946d5f3acd7""}"
511,#14-107,L14,107,5R,5R-L,209e35dbbcd2,110.0,"{""kitchen"": ""open"", ""mechanical_vent"": [""CB""], ""mirror"": true, ""outdoor"": ""none"", ""topology"": ""5946d5f3acd7""}"
511,#15-107,L15,107,5R,5R-L,209e35dbbcd2,110.0,"{""kitchen"": ""open"", ""mechanical_vent"": [""CB""], ""mirror"": true, ""outdoor"": ""none"", ""topology"": ""5946d5f3acd7""}"
511,#16-107,L16,107,5R,5R-L,209e35dbbcd2,110.0,"{""kitchen"": ""open"", ""mechanical_vent"": [""CB""], ""mirror"": true, ""outdoor"": ""none"", ""topology"": ""5946d5f3acd7""}"
511,#02-108,L2,108,4R,4R-L,01a02a35ac45,93.0,"{""kitchen"": ""open"", ""mechanical_vent"": [""CB""], ""mirror"": false, ""outdoor"": ""balcony"", ""topology"": ""be1224f84eec""}"
511,#03-108,L3,108,4R,4R-L,01a02a35ac45,93.0,"{""kitchen"": ""open"", ""mechanical_vent"": [""CB""], ""mirror"": false, ""outdoor"": ""balcony"", ""topology"": ""be1224f84eec""}"
511,#04-108,L4,108,4R,4R-L,01a02a35ac45,93.0,"{""kitchen"": ""open"", ""mechanical_vent"": [""CB""], ""mirror"": false, ""outdoor"": ""balcony"", ""topology"": ""be1224f84eec""}"
511,#05-108,L5,108,4R,4R-L,01a02a35ac45,93.0,"{""kitchen"": ""open"", ""mechanical_vent"": [""CB""], ""mirror"": false, ""outdoor"": ""balcony"", ""topology"": ""be1224f84eec""}"
511,#06-108,L6,108,4R,4R-L,01a02a35ac45,93.0,"{""kitchen"": ""open"", ""mechanical_vent"": [""CB""], ""mirror"": false, ""outdoor"": ""balcony"", ""topology"": ""be1224f84eec""}"
511,#07-108,L7,108,4R,4R-L,01a02a35ac45,93.0,"{""kitchen"": ""open"", ""mechanical_vent"": [""CB""], ""mirror"": false, ""outdoor"": ""balcony"", ""topology"": ""be1224f84eec""}"
511,#08-108,L8,108,4R,4R-L,01a02a35ac45,93.0,"{""kitchen"": ""open"", ""mechanical_vent"": [""CB""], ""mirror"": false, ""outdoor"": ""balcony"", ""topology"": ""be1224f84eec""}"
511,#09-108,L9,108,4R,4R-L,01a02a35ac45,93.0,"{""kitchen"": ""open"", ""mechanical_vent"": [""CB""], ""mirror"": false, ""outdoor"": ""balcony"", ""topology"": ""be1224f84eec""}"
511,#10-108,L10,108,4R,4R-L,01a02a35ac45,93.0,"{""kitchen"": ""open"", ""mechanical_vent"": [""CB""], ""mirror"": false, ""outdoor"": ""balcony"", ""topology"": ""be1224f84eec""}"
511,#11-108,L11,108,4R,4R-L,01a02a35ac45,93.0,"{""kitchen"": ""open"", ""mechanical_vent"": [""CB""], ""mirror"": false, ""outdoor"": ""balcony"", ""topology"": ""be1224f84eec""}"
511,#12-108,L12,108,4R,4R-L,01a02a35ac45,93.0,"{""kitchen"": ""open"", ""mechanical_vent"": [""CB""], ""mirror"": false, ""outdoor"": ""balcony"", ""topology"": ""be1224f84eec""}"
511,#13-108,L13,108,4R,4R-L,01a02a35ac45,93.0,"{""kitchen"": ""open"", ""mechanical_vent"": [""CB""], ""mirror"": false, ""outdoor"": ""balcony"", ""topology"": ""be1224f84eec""}"
511,#14-108,L14,108,4R,4R-L,01a02a35ac45,93.0,"{""kitchen"": ""open"", ""mechanical_vent"": [""CB""], ""mirror"": false, ""outdoor"": ""balcony"", ""topology"": ""be1224f84eec""}"
511,#15-108,L15,108,4R,4R-L,01a02a35ac45,93.0,"{""kitchen"": ""open"", ""mechanical_vent"": [""CB""], ""mirror"": false, ""outdoor"": ""balcony"", ""topology"": ""be1224f84eec""}"
511,#16-108,L16,108,4R,4R-L,01a02a35ac45,93.0,"{""kitchen"": ""open"", ""mechanical_vent"": [""CB""], ""mirror"": false, ""outdoor"": ""balcony"", ""topology"": ""be1224f84eec""}"
511,#02-109,L2,109,5R,5R-L,2e32dc90ceba,110.7,"{""kitchen"": ""open"", ""mechanical_vent"": [""CB""], ""mirror"": true, ""outdoor"": ""balcony"", ""topology"": ""583f76294c55""}"
511,#03-109,L3,109,5R,5R-L,2e32dc90ceba,110.7,"{""kitchen"": ""open"", ""mechanical_vent"": [""CB""], ""mirror"": true, ""outdoor"": ""balcony"", ""topology"": ""583f76294c55""}"
511,#04-109,L4,109,5R,5R-L,2e32dc90ceba,110.7,"{""kitchen"": ""open"", ""mechanical_vent"": [""CB""], ""mirror"": true, ""outdoor"": ""balcony"", ""topology"": ""583f76294c55""}"
511,#05-109,L5,109,5R,5R-L,2e32dc90ceba,110.7,"{""kitchen"": ""open"", ""mechanical_vent"": [""CB""], ""mirror"": true, ""outdoor"": ""balcony"", ""topology"": ""583f76294c55""}"
511,#06-109,L6,109,5R,5R-L,2e32dc90ceba,110.7,"{""kitchen"": ""open"", ""mechanical_vent"": [""CB""], ""mirror"": true, ""outdoor"": ""balcony"", ""topology"": ""583f76294c55""}"
511,#07-109,L7,109,5R,5R-L,2e32dc90ceba,110.7,"{""kitchen"": ""open"", ""mechanical_vent"": [""CB""], ""mirror"": true, ""outdoor"": ""balcony"", ""topology"": ""583f76294c55""}"
511,#08-109,L8,109,5R,5R-L,2e32dc90ceba,110.7,"{""kitchen"": ""open"", ""mechanical_vent"": [""CB""], ""mirror"": true, ""outdoor"": ""balcony"", ""topology"": ""583f76294c55""}"
511,#09-109,L9,109,5R,5R-L,2e32dc90ceba,110.7,"{""kitchen"": ""open"", ""mechanical_vent"": [""CB""], ""mirror"": true, ""outdoor"": ""balcony"", ""topology"": ""583f76294c55""}"
511,#10-109,L10,109,5R,5R-L,2e32dc90ceba,110.7,"{""kitchen"": ""open"", ""mechanical_vent"": [""CB""], ""mirror"": true, ""outdoor"": ""balcony"", ""topology"": ""583f76294c55""}"
511,#11-109,L11,109,5R,5R-L,2e32dc90ceba,110.7,"{""kitchen"": ""open"", ""mechanical_vent"": [""CB""], ""mirror"": true, ""outdoor"": ""balcony"", ""topology"": ""583f76294c55""}"
511,#12-109,L12,109,5R,5R-L,2e32dc90ceba,110.7,"{""kitchen"": ""open"", ""mechanical_vent"": [""CB""], ""mirror"": true, ""outdoor"": ""balcony"", ""topology"": ""583f76294c55""}"
511,#13-109,L13,109,5R,5R-L,2e32dc90ceba,110.7,"{""kitchen"": ""open"", ""mechanical_vent"": [""CB""], ""mirror"": true, ""outdoor"": ""balcony"", ""topology"": ""583f76294c55""}"
511,#14-109,L14,109,5R,5R-L,2e32dc90ceba,110.7,"{""kitchen"": ""open"", ""mechanical_vent"": [""CB""], ""mirror"": true, ""outdoor"": ""balcony"", ""topology"": ""583f76294c55""}"
511,#15-109,L15,109,5R,5R-L,2e32dc90ceba,110.7,"{""kitchen"": ""open"", ""mechanical_vent"": [""CB""], ""mirror"": true, ""outdoor"": ""balcony"", ""topology"": ""583f76294c55""}"
511,#16-109,L16,109,5R,5R-L,2e32dc90ceba,110.7,"{""kitchen"": ""open"", ""mechanical_vent"": [""CB""], ""mirror"": true, ""outdoor"": ""balcony"", ""topology"": ""583f76294c55""}"
512,#02-101,L2,101,EA,EA-S-A,75e769967bc6,130.0,"{""kitchen"": ""closed"", ""mechanical_vent"": [""MBa""], ""mirror"": true, ""outdoor"": ""none"", ""topology"": ""32b6c372f25f""}"
512,#03-101,L3,101,EA,EA-S-A,75e769967bc6,130.0,"{""kitchen"": ""closed"", ""mechanical_vent"": [""MBa""], ""mirror"": true, ""outdoor"": ""none"", ""topology"": ""32b6c372f25f""}"
512,#04-101,L4,101,EA,EA-S-A,75e769967bc6,130.0,"{""kitchen"": ""closed"", ""mechanical_vent"": [""MBa""], ""mirror"": true, ""outdoor"": ""none"", ""topology"": ""32b6c372f25f""}"
512,#05-101,L5,101,EA,EA-S-A,75e769967bc6,130.0,"{""kitchen"": ""closed"", ""mechanical_vent"": [""MBa""], ""mirror"": true, ""outdoor"": ""none"", ""topology"": ""32b6c372f25f""}"
512,#06-101,L6,101,EA,EA-S-A,75e769967bc6,130.0,"{""kitchen"": ""closed"", ""mechanical_vent"": [""MBa""], ""mirror"": true, ""outdoor"": ""none"", ""topology"": ""32b6c372f25f""}"
512,#07-101,L7,101,EA,EA-S-A,75e769967bc6,130.0,"{""kitchen"": ""closed"", ""mechanical_vent"": [""MBa""], ""mirror"": true, ""outdoor"": ""none"", ""topology"": ""32b6c372f25f""}"
512,#08-101,L8,101,EA,EA-S-A,75e769967bc6,130.0,"{""kitchen"": ""closed"", ""mechanical_vent"": [""MBa""], ""mirror"": true, ""outdoor"": ""none"", ""topology"": ""32b6c372f25f""}"
512,#09-101,L9,101,EA,EA-S-A,75e769967bc6,130.0,"{""kitchen"": ""closed"", ""mechanical_vent"": [""MBa""], ""mirror"": true, ""outdoor"": ""none"", ""topology"": ""32b6c372f25f""}"
512,#10-101,L10,101,EA,EA-S-A,75e769967bc6,130.0,"{""kitchen"": ""closed"", ""mechanical_vent"": [""MBa""], ""mirror"": true, ""outdoor"": ""none"", ""topology"": ""32b6c372f25f""}"
512,#11-101,L11,101,EA,EA-S-A,75e769967bc6,130.0,"{""kitchen"": ""closed"", ""mechanical_vent"": [""MBa""], ""mirror"": true, ""outdoor"": ""none"", ""topology"": ""32b6c372f25f""}"
512,#12-101,L12,101,EA,EA-S-A,75e769967bc6,130.0,"{""kitchen"": ""closed"", ""mechanical_vent"": [""MBa""], ""mirror"": true, ""outdoor"": ""none"", ""topology"": ""32b6c372f25f""}"
512,#02-102,L2,102,EA,EA-S-B,de947eb34de1,131.5,"{""kitchen"": ""open"", ""mechanical_vent"": [""MBa""], ""mirror"": false, ""outdoor"": ""ac_ledge"", ""topology"": ""8e86057cf8d5""}"
512,#03-102,L3,102,EA,EA-S-B,de947eb34de1,131.5,"{""kitchen"": ""open"", ""mechanical_vent"": [""MBa""], ""mirror"": false, ""outdoor"": ""ac_ledge"", ""topology"": ""8e86057cf8d5""}"
512,#04-102,L4,102,EA,EA-S-B,de947eb34de1,131.5,"{""kitchen"": ""open"", ""mechanical_vent"": [""MBa""], ""mirror"": false, ""outdoor"": ""ac_ledge"", ""topology"": ""8e86057cf8d5""}"
512,#05-102,L5,102,EA,EA-S-B,de947eb34de1,131.5,"{""kitchen"": ""open"", ""mechanical_vent"": [""MBa""], ""mirror"": false, ""outdoor"": ""ac_ledge"", ""topology"": ""8e86057cf8d5""}"
512,#06-102,L6,102,EA,EA-S-B,de947eb34de1,131.5,"{""kitchen"": ""open"", ""mechanical_vent"": [""MBa""], ""mirror"": false, ""outdoor"": ""ac_ledge"", ""topology"": ""8e86057cf8d5""}"
512,#07-102,L7,102,EA,EA-S-B,de947eb34de1,131.5,"{""kitchen"": ""open"", ""mechanical_vent"": [""MBa""], ""mirror"": false, ""outdoor"": ""ac_ledge"", ""topology"": ""8e86057cf8d5""}"
512,#08-102,L8,102,EA,EA-S-B,de947eb34de1,131.5,"{""kitchen"": ""open"", ""mechanical_vent"": [""MBa""], ""mirror"": false, ""outdoor"": ""ac_ledge"", ""topology"": ""8e86057cf8d5""}"
512,#09-102,L9,102,EA,EA-S-B,de947eb34de1,131.5,"{""kitchen"": ""open"", ""mechanical_vent"": [""MBa""], ""mirror"": false, ""outdoor"": ""ac_ledge"", ""topology"": ""8e86057cf8d5""}"
512,#10-102,L10,102,EA,EA-S-B,de947eb34de1,131.5,"{""kitchen"": ""open"", ""mechanical_vent"": [""MBa""], ""mirror"": false, ""outdoor"": ""ac_ledge"", ""topology"": ""8e86057cf8d5""}"
512,#11-102,L11,102,EA,EA-S-B,de947eb34de1,131.5,"{""kitchen"": ""open"", ""mechanical_vent"": [""MBa""], ""mirror"": false, ""outdoor"": ""ac_ledge"", ""topology"": ""8e86057cf8d5""}"
512,#12-102,L12,102,EA,EA-S-B,de947eb34de1,131.5,"{""kitchen"": ""open"", ""mechanical_vent"": [""MBa""], ""mirror"": false, ""outdoor"": ""ac_ledge"", ""topology"": ""8e86057cf8d5""}"
512,#02-103,L2,103,EA,EA-S-A,5b1ec8b03fae,130.7,"{""kitchen"": ""closed"", ""mechanical_vent"": [""MBa""], ""mirror"": false, ""outdoor"": ""balcony"", ""topology"": ""779585a6b03f""}"
512,#03-103,L3,103,EA,EA-S-A,5b1ec8b03fae,130.7,"{""kitchen"": ""closed"", ""mechanical_vent"": [""MBa""], ""mirror"": false, ""outdoor"": ""balcony"", ""topology"": ""779585a6b03f""}"
512,#04-103,L4,103,EA,EA-S-A,5b1ec8b03fae,130.7,"{""kitchen"": ""closed"", ""mechanical_vent"": [""MBa""], ""mirror"": false, ""outdoor"": ""balcony"", ""topology"": ""779585a6b03f""}"
512,#05-103,L5,103,EA,EA-S-A,5b1ec8b03fae,130.7,"{""kitchen"": ""closed"", ""mechanical_vent"": [""MBa""], ""mirror"": false, ""outdoor"": ""balcony"", ""topology"": ""779585a6b03f""}"
512,#06-103,L6,103,EA,EA-S-A,5b1ec8b03fae,130.7,"{""kitchen"": ""closed"", ""mechanical_vent"": [""MBa""], ""mirror"": false, ""outdoor"": ""balcony"", ""topology"": ""779585a6b03f""}"
512,#07-103,L7,103,EA,EA-S-A,5b1ec8b03fae,130.7,"{""kitchen"": ""closed"", ""mechanical_vent"": [""MBa""], ""mirror"": false, ""outdoor"": ""balcony"", ""topology"": ""779585a6b03f""}"
512,#08-103,L8,103,EA,EA-S-A,5b1ec8b03fae,130.7,"{""kitchen"": ""closed"", ""mechanical_vent"": [""MBa""], ""mirror"": false, ""outdoor"": ""balcony"", ""topology"": ""779585a6b03f""}"
512,#09-103,L9,103,EA,EA-S-A,5b1ec8b03fae,130.7,"{""kitchen"": ""closed"", ""mechanical_vent"": [""MBa""], ""mirror"": false, ""outdoor"": ""balcony"", ""topology"": ""779585a6b03f""}"
512,#10-103,L10,103,EA,EA-S-A,5b1ec8b03fae,130.7,"{""kitchen"": ""closed"", ""mechanical_vent"": [""MBa""], ""mirror"": false, ""outdoor"": ""balcony"", ""topology"": ""779585a6b03f""}"
512,#11-103,L11,103,EA,EA-S-A,5b1ec8b03fae,130.7,"{""kitchen"": ""closed"", ""mechanical_vent"": [""MBa""], ""mirror"": false, ""outdoor"": ""balcony"", ""topology"": ""779585a6b03f""}"
512,#12-103,L12,103,EA,EA-S-A,5b1ec8b03fae,130.7,"{""kitchen"": ""closed"", ""mechanical_vent"": [""MBa""], ""mirror"": false, ""outdoor"": ""balcony"", ""topology"": ""779585a6b03f""}"
512,#02-104,L2,104,EA,EA-S-B,3560586a6840,129.0,"{""kitchen"": ""closed"", ""mechanical_vent"": [""MBa""], ""mirror"": true, ""outdoor"": ""none"", ""topology"": ""8e86057cf8d5""}"
512,#03-104,L3,104,EA,EA-S-B,3560586a6840,129.0,"{""kitchen"": ""closed"", ""mechanical_vent"": [""MBa""], ""mirror"": true, ""outdoor"": ""none"", ""topology"": ""8e86057cf8d5""}"
512,#04-104,L4,104,EA,EA-S-B,3560586a6840,129.0,"{""kitchen"": ""closed"", ""mechanical_vent"": [""MBa""], ""mirror"": true, ""outdoor"": ""none"", ""topology"": ""8e86057cf8d5""}"
512,#05-104,L5,104,EA,EA-S-B,3560586a6840,129.0,"{""kitchen"": ""closed"", ""mechanical_vent"": [""MBa""], ""mirror"": true, ""outdoor"": ""none"", ""topology"": ""8e86057cf8d5""}"
512,#06-104,L6,104,EA,EA-S-B,3560586a6840,129.0,"{""kitchen"": ""closed"", ""mechanical_vent"": [""MBa""], ""mirror"": true, ""outdoor"": ""none"", ""topology"": ""8e86057cf8d5""}"
512,#07-104,L7,104,EA,EA-S-B,3560586a6840,129.0,"{""kitchen"": ""closed"", ""mechanical_vent"": [""MBa""], ""mirror"": true, ""outdoor"": ""none"", ""topology"": ""8e86057cf8d5""}"
512,#08-104,L8,104,EA,EA-S-B,3560586a6840,129.0,"{""kitchen"": ""closed"", ""mechanical_vent"": [""MBa""], ""mirror"": true, ""outdoor"": ""none"", ""topology"": ""8e86057cf8d5""}"
512,#09-104,L9,104,EA,EA-S-B,3560586a6840,129.0,"{""kitchen"": ""closed"", ""mechanical_vent"": [""MBa""], ""mirror"": true, ""outdoor"": ""none"", ""topology"": ""8e86057cf8d5""}"
512,#10-104,L10,104,EA,EA-S-B,3560586a6840,129.0,"{""kitchen"": ""closed"", ""mechanical_vent"": [""MBa""], ""mirror"": true, ""outdoor"": ""none"", ""topology"": ""8e86057cf8d5""}"
512,#11-104,L11,104,EA,EA-S-B,3560586a6840,129.0,"{""kitchen"": ""closed"", ""mechanical_vent"": [""MBa""], ""mirror"": true, ""outdoor"": ""none"", ""topology"": ""8e86057cf8d5""}"
512,#12-104,L12,104,EA,EA-S-B,3560586a6840,129.0,"{""kitchen"": ""closed"", ""mechanical_vent"": [""MBa""], ""mirror"": true, ""outdoor"": ""none"", ""topology"": ""8e86057cf8d5""}"
512,#02-105,L2,105,EA,EA-S-A,cd514da815ec,130.7,"{""kitchen"": ""open"", ""mechanical_vent"": [""MBa""], ""mirror"": false, ""outdoor"": ""balcony"", ""topology"": ""779585a6b03f""}"
512,#03-105,L3,105,EA,EA-S-A,cd514da815ec,130.7,"{""kitchen"": ""open"", ""mechanical_vent"": [""MBa""], ""mirror"": false, ""outdoor"": ""balcony"", ""topology"": ""779585a6b03f""}"
512,#04-105,L4,105,EA,EA-S-A,cd514da815ec,130.7,"{""kitchen"": ""open"", ""mechanical_vent"": [""MBa""], ""mirror"": false, ""outdoor"": ""balcony"", ""topology"": ""779585a6b03f""}"
512,#05-105,L5,105,EA,EA-S-A,cd514da815ec,130.7,"{""kitchen"": ""open"", ""mechanical_vent"": [""MBa""], ""mirror"": false, ""outdoor"": ""balcony"", ""topology"": ""779585a6b03f""}"
512,#06-105,L6,105,EA,EA-S-A,cd514da815ec,130.7,"{""kitchen"": ""open"", ""mechanical_vent"": [""MBa""], ""mirror"": false, ""outdoor"": ""balcony"", ""topology"": ""779585a6b03f""}"
512,#07-105,L7,105,EA,EA-S-A,cd514da815ec,130.7,"{""kitchen"": ""open"", ""mechanical_vent"": [""MBa""], ""mirror"": false, ""outdoor"": ""balcony"", ""topology"": ""779585a6b03f""}"
512,#08-105,L8,105,EA,EA-S-A,cd514da815ec,130.7,"{""kitchen"": ""open"", ""mechanical_vent"": [""MBa""], ""mirror"": false, ""outdoor"": ""balcony"", ""topology"": ""779585a6b03f""}"
512,#09-105,L9,105,EA,EA-S-A,cd514da815ec,130.7,"{""kitchen"": ""open"", ""mechanical_vent"": [""MBa""], ""mirror"": false, ""outdoor"": ""balcony"", ""topology"": ""779585a6b03f""}"
512,#10-105,L10,105,EA,EA-S-A,cd514da815ec,130.7,"{""kitchen"": ""open"", ""mechanical_vent"": [""MBa""], ""mirror"": false, ""outdoor"": ""balcony"", ""topology"": ""779585a6b03f""}"
512,#11-105,L11,105,EA,EA-S-A,cd514da815ec,130.7,"{""kitchen"": ""open"", ""mechanical_vent"": [""MBa""], ""mirror"": false, ""outdoor"": ""balcony"", ""topology"": ""779585a6b03f""}"
512,#12-105,L12,105,EA,EA-S-A,cd514da815ec,130.7,"{""kitchen"": ""open"", ""mechanical_vent"": [""MBa""], ""mirror"": false, ""outdoor"": ""balcony"", ""topology"": ""779585a6b03f""}"
512,#02-106,L2,106,EA,EA-S-B,cce9ed981e24,131.5,"{""kitchen"": ""open"", ""mechanical_vent"": [""MBa""], ""mirror"": true, ""outdoor"": ""ac_ledge"", ""topology"": ""8e86057cf8d5""}"
512,#03-106,L3,106,EA,EA-S-B,cce9ed981e24,131.5,"{""kitchen"": ""open"", ""mechanical_vent"": [""MBa""], ""mirror"": true, ""outdoor"": ""ac_ledge"", ""topology"": ""8e86057cf8d5""}"
512,#04-106,L4,106,EA,EA-S-B,cce9ed981e24,131.5,"{""kitchen"": ""open"", ""mechanical_vent"": [""MBa""], ""mirror"": true, ""outdoor"": ""ac_ledge"", ""topology"": ""8e86057cf8d5""}"
512,#05-106,L5,106,EA,EA-S-B,cce9ed981e24,131.5,"{""kitchen"": ""open"", ""mechanical_vent"": [""MBa""], ""mirror"": true, ""outdoor"": ""ac_ledge"", ""topology"": ""8e86057cf8d5""}"
512,#06-106,L6,106,EA,EA-S-B,cce9ed981e24,131.5,"{""kitchen"": ""open"", ""mechanical_vent"": [""MBa""], ""mirror"": true, ""outdoor"": ""ac_ledge"", ""topology"": ""8e86057cf8d5""}"
512,#07-106,L7,106,EA,EA-S-B,cce9ed981e24,131.5,"{""kitchen"": ""open"", ""mechanical_vent"": [""MBa""], ""mirror"": true, ""outdoor"": ""ac_ledge"", ""topology"": ""8e86057cf8d5""}"
512,#08-106,L8,106,EA,EA-S-B,cce9ed981e24,131.5,"{""kitchen"": ""open"", ""mechanical_vent"": [""MBa""], ""mirror"": true, ""outdoor"": ""ac_ledge"", ""topology"": ""8e86057cf8d5""}"
512,#09-106,L9,106,EA,EA-S-B,cce9ed981e24,131.5,"{""kitchen"": ""open"", ""mechanical_vent"": [""MBa""], ""mirror"": true, ""outdoor"": ""ac_ledge"", ""topology"": ""8e86057cf8d5""}"
512,#10-106,L10,106,EA,EA-S-B,cce9ed981e24,131.5,"{""kitchen"": ""open"", ""mechanical_vent"": [""MBa""], ""mirror"": true, ""outdoor"": ""ac_ledge"", ""topology"": ""8e86057cf8d5""}"
512,#11-106,L11,106,EA,EA-S-B,cce9ed981e24,131.5,"{""kitchen"": ""open"", ""mechanical_vent"": [""MBa""], ""mirror"": true, ""outdoor"": ""ac_ledge"", ""topology"": ""8e86057cf8d5""}"
512,#12-106,L12,106,EA,EA-S-B,cce9ed981e24,131.5,"{""kitchen"": ""open"", ""mechanical_vent"": [""MBa""], ""mirror"": true, ""outdoor"": ""ac_ledge"", ""topology"": ""8e86057cf8d5""}"
